Data Awarii;TCZP;ITNumber;TicketNumber;Rodzaj Naprawy;Non Bom Number;Info
2024-08-12 00:00:00.000;TCZP1022;IT0003691;INC20031118;Kalibracja;-;
2024-08-12 00:00:00.000;TCZP3151;IT0021327;INC20030996;Problem sieciowy;-;
2024-08-16 00:00:00.000;TCZP1160;IT0037698;INC20080414;Kalibracja;Brak;
2024-08-19 00:00:00.000;TCZP4058;IT0024849;INC20118665;Wymiana czesci;-;wymiana zasilacza
2024-08-19 00:00:00.000;TCZP1056;IT0028324;INC20123212;Kalibracja;Brak;
2024-08-20 00:00:00.000;TCZP1185;IT0027931;INC20130491;Kalibracja;n/d;poluênienie rewindera, kalibracja wydruki testowe, zdj´cie mediów z rewindera i ponowna kalibracja, wypozycjonowanie nadruku
2024-08-20 00:00:00.000;TCZP1185;IT0027931;INC20136948;Kalibracja;n/d;zdjecie zu˝ytych mediów z rewindera, kalibracja, wypozycjonowanie naklejki, ustawienie tear-off
2024-08-21 00:00:00.000;TCZP1185;IT0027931;INC20142881;Kalibracja;-;
2024-08-21 00:00:00.000;TCZP1254;IT0016541;INC20149095;Wymiana paska;N/D;wymiana paska
2024-08-21 00:00:00.000;TCZP1194;IT0018879;INC20144328;Kalibracja;N/D;przywrócenie ustawieƒ fabrycznych drukarki + kalibracja
2024-08-23 00:00:00.000;TCZP1233;IT0013790;INC20159565;Wymiana glowicy;174708;
2024-08-23 00:00:00.000;TCZP1100;IT0020364;TASK5720501;Kalibracja;-;
2024-08-23 00:00:00.000;TCZP2006;IT0012405;INC20168450;Kalibracja;-;
2024-08-23 00:00:00.000;TCZP2072;IT0014996;INC20168450;Kalibracja;-;
2024-08-25 00:00:00.000;TCZP1018;IT0036600;INC20158171;Problem sieciowy;-;Reset default ustawieç
2024-08-25 00:00:00.000;TCZP1174;IT0007520;INC20157735;Kalibracja;-;reset default settings, kalibracja, zmiana offcetów 
2024-08-25 00:00:00.000;TCZP2030;IT0013366;INC20156837;Problem sieciowy;-;Uszkodzony kabel sieciowy. Wymiana Kabla sieciowego
2024-08-26 00:00:00.000;TCZP1159;IT0004206;INC20196082;Wymiana walka;174773;Wyrobiony wa∏ek, nie dociska∏ naklejki w jednym miejscu
2024-08-27 00:00:00.000;TCZP2027;IT0020860;INC20202470;Kalibracja;Brak;
2024-08-27 00:00:00.000;TCZP1169;IT0036577;INC20205604;Kalibracja;Brak;
2024-08-26 00:00:00.000;TCZP1185;IT0027931;INC20203466;Kalibracja;-;
2024-08-27 00:00:00.000;TCZP1109;IT0028323;INC20209386;Kalibracja;-;
2024-08-28 00:00:00.000;TCZP1047;IT0000850;INC20218555;Kalibracja;Brak;
2024-08-28 00:00:00.000;TCZP1194;IT0018879;INC20210328;Kalibracja;Brak;
2024-08-28 00:00:00.000;TCZP2027;IT0020860;INC20218922;Kalibracja;-;
2024-08-29 00:00:00.000;TCZP2007;IT0002395;INC19809382;Wymiana glowicy;174881;Wymiana g∏owicy bo poprzednia by∏a przepalona
2024-08-29 00:00:00.000;TCZP2027;IT0020860;INC20229638;Czyszczenie;n/d;G∏owica by∏a brudna, to jà przetar∏em
2024-09-03 00:00:00.000;TCZP1163;IT0003690;INC20234889;Kalibracja;n/d;Poprawiono po∏o˝enie czujnika naklejek.
2024-09-04 00:00:00.000;TCZP3252;IT0038546;INC20309922;Kalibracja;-;
2024-09-04 00:00:00.000;TCZP1067;IT0028249;INC20311100;Kalibracja;-;
2024-09-05 00:00:00.000;TCZP3164;IT0017496;TASK5736624;Kalibracja;n/d;Problem zosta∏ rozwiàzany przez przywrócenie ustawieƒ domyÊlnych drukarki
2024-09-06 00:00:00.000;TCZP3156;IT0020114;INC20334847;Kalibracja;n/d;Sama kalibracja i sprawdzenie czy media sà dobrze za∏o˝one.
2024-09-06 00:00:00.000;TCZP1088;IT0018390;INC20338041;Kalibracja;n/d;Przeczyszczenie czujników i media and ribbon calibration
2024-09-06 00:00:00.000;TCZP1059;IT0002426;INC20295198;Problem sieciowy;-;Reset default ustawieƒ, restart 
2024-09-09 00:00:00.000;TCZP1185;IT0027931;INC20373961;Kalibracja;-;
2024-09-09 00:00:00.000;TCZP1214;IT0020344;INC20342495;Kalibracja;-;
2024-09-09 00:00:00.000;TCZP2057;IT0021132;INC20372282;Kalibracja;-;
2024-09-10 00:00:00.000;TCZP3213;IT0023000;INC20379408;Problem sieciowy;N/D;Kalibracja pod∏àczenie sieci
2024-09-10 00:00:00.000;TCZP3198;IT0002288;INC20380056;Kalibracja;N/D;Kalibracja etykiety
2024-09-11 00:00:00.000;TCZP2015;IT0002809;INC20373586;Czyszczenie;-;Wyczyszczenie g∏owicy, zmiana speed, darkness, zmiana offcetów 
2024-09-11 00:00:00.000;TCZP3170;IT0028325;INC20396709;Problem z czujnikiem;-;Zmiana pozycji czujnika etykietm, reset defaults, zmiana szykoÊci, darknessu, offcetów. Kalibracja 
2024-09-10 00:00:00.000;TCZP1250;IT0013873;INC20392757;Czyszczenie;n/d;Czyszczenie wa∏ka z mediów
2024-09-10 00:00:00.000;TCZP1187;IT0002264;INC20392757;Czyszczenie;n/d;Czyszczenie wa∏ka z mediów
2024-09-11 00:00:00.000;TCZP3170;IT0028325;INC20402057;Kalibracja;n/d;Ustawienie czujnika i zmiana ustawieƒ w osi poziomej.
2024-09-11 00:00:00.000;TCZP1218;IT0011935;INC20406271;Czyszczenie;n/d;Wyciàgni´cie naklejki, która przyklei∏a si´ do czujnika
2024-09-12 00:00:00.000;TCZP3182;IT0002252;INC20386116;Kalibracja;-;
2024-09-13 00:00:00.000;TCZP3170;IT0028325;INC20425866;Kalibracja;-;
2024-09-13 00:00:00.000;TCZP3170;IT0028325;INC20425866;Kalibracja;n/d;weryfikacja drukarki z Marcinem, wydruki testowe, odstawienie na miejsce, wydruki testowe, ponowna weryfikacja po kolejnym telefonie, restart drukarki, kalibracja, sprawdzenie czujników, sprawdzenie ustawieƒ webowo, ustawienie odpowiedniej wysokoÊci
2024-09-13 00:00:00.000;TCZP1150;IT0025867;INC20429595;Kalibracja;n/d;weryfikacja problemu, restart drukarki, wyzerowanie ustawieƒ, kalibracja wypozycjonowanie wydruku, próba poprawy rozmazanych barcodów, default drukarki, kalibracja, wypozycjonowanie
2024-09-16 00:00:00.000;TCZP1037;IT0014692;INC20431429;Kalibracja;n/d;weryfikacja problemu, pod∏àczenie zewn´trznej karty sieciowej
2024-09-16 00:00:00.000;TCZP1185;IT0027931;INC20469079;Kalibracja;-;Poluênienie rewindera
2024-09-17 00:00:00.000;TCZP3153;IT0025047;INC20481469;Wymiana glowicy;175552;
2024-09-17 00:00:00.000;TCZP2003;IT0000840;INC20432362;Kalibracja;-;
2024-09-20 00:00:00.000;TCZP1092;IT0002491;INC20535329;Kalibracja;-;
2024-09-21 00:00:00.000;TCZP1025;IT0036572;INC20539053;Kalibracja;-;
2024-09-21 00:00:00.000;TCZP1028;IT0004133;INC20539059;Kalibracja;-;
2024-09-22 00:00:00.000;TCZP1194;IT0018879;INC20492051;Problem z czujnikiem;-;Zmiana offsetów TOP position, Letf Position, reset default, zmiana pozycji czujnika etykiet
2024-09-22 00:00:00.000;TCZP1194;IT0018879;INC20507136;Problem z czujnikiem;-;Zmiana pozycji czujnika, kalibracja, zmian offsetów TOP position, Left Position 
2024-09-25 00:00:00.000;TCZP1132;IT0002440;INC20593282;Kalibracja;-;
2024-09-25 00:00:00.000;TCZP3158;IT0021751;INC20593160;Kalibracja;-;
2024-09-25 00:00:00.000;TCZP1011;IT0009200;INC20563452;Problem z czujnikiem;-;Usuni´cie przyplejonej etykiety z czujnika etykiet, ustawienie pozycji czujnika, wyczyszczenie czujnika izopropanolem, zmiana offsetów TOP Position, Left Position
2024-09-25 00:00:00.000;TCZP3198;IT0002288;INC20563727;Uszkodzenie mechaniczne;-;Dogi´cie maskownicy g∏owycy, zmiana pozycji i si∏y gocisku docisków, wyczyszczenia wa∏ka
2024-09-25 00:00:00.000;TCZP1019;IT0023724;INC20564252;Kalibracja;-;Reset defaults, kalibracja, zmiana offcestów TOP Position Left Position 
2024-09-27 00:00:00.000;TCZP4088;IT0038156;INC20629301;Kalibracja;-;
2024-09-27 00:00:00.000;TCZP3164;IT0017496;INC20609743;Kalibracja;-;
2024-09-27 00:00:00.000;TCZP2056;IT0013791;INC20628931;Kalibracja;-;
2024-09-27 00:00:00.000;TCZP4091;IT0038162;INC20617025;Kalibracja;-;
2024-09-30 00:00:00.000;TCZP3164;IT0017496;TCZP3164 ;Kalibracja;-;reset default, kalibracja zmiana offsetów, TOP Position, Left Position,
2024-10-03 00:00:00.000;TCZP2030;IT0013366;INC20702442;Czyszczenie;-;Czyszczenie g∏owicy, zmiana pozycji docisków
2024-10-03 00:00:00.000;TCZP2030;IT0013366;IT0036370;Kalibracja;-;Reset Default, kalibracja, zmiana offsetów 
2024-10-03 00:00:00.000;TCZP3225;IT0036370;INC20728959;Kalibracja;-;Reset default, kalibracja, zmiana offcestów 
2024-10-03 00:00:00.000;TCZP4088;IT0038156;INC20720068;Wymiana mediow;-;Wymiana kalki na poprawnà 
2024-10-03 00:00:00.000;TCZP4091;IT0038162;INC20720068;Wymiana mediow;-;Wymiana kalki na poprawny item
2024-10-03 00:00:00.000;TCZP4078;IT0038155;INC20724663;.Nie jestem w stanie wybraç odpowiedniej kategorii;-;Wyczyszczenie buforu wydruku w loftwarze
2024-10-03 00:00:00.000;TCZP4093;IT0038160;INC20724663;Wymiana mediow;-;Wymiana kalki na prawid∏owy item
2024-10-04 00:00:00.000;TCZP4058;IT0024849;INC20765223;Kalibracja;N/D;Kalibracja
2024-10-07 00:00:00.000;TCZP1185;IT0027931;INC20792266;Kalibracja;n/d;Dos∏ownie kalibracja. Mog∏em to zrobiç zdalnie. Nawet jej nie otworzy∏em
2024-10-07 00:00:00.000;TCZP1089;IT0001070;INC20797506;Kalibracja;n/d;Drukarka wymaga∏a ustawienia tej blaszki z przodu, co kalke trzyma
2024-10-08 00:00:00.000;TCZP3153;IT0025047;INC20800443;Problem z czujnikiem;n/d;czujnik by∏ êle wypozycjonowany, nie nachodzi∏ na naklejk´
2024-10-10 00:00:00.000;TCZP3244 ;IT0024204;INC20840594;Kalibracja;-;
2024-10-11 00:00:00.000;TCZP3252;IT0038546;INC20845700;Kalibracja;n/d;Poprawiono media
2024-10-10 00:00:00.000;TCZP3182;IT0002252;INC20841846;Kalibracja;-;
2024-10-11 00:00:00.000;TCZP1043;IT0003170;INC20823575;Problem sieciowy;-;Restart drukarki, wyczyszczenie g∏owicy, zmiana darkness
2024-10-11 00:00:00.000;TCZP3211;IT0022952;INC20859903;Czyszczenie;n/d;Czyszcenie g∏owicy
2024-10-11 00:00:00.000;TCZP1047;IT0000850;INC20851690;Kalibracja;-;
2024-10-11 00:00:00.000;TCZP1086;IT0019465;INC20855067;Kalibracja;-;
2024-10-15 00:00:00.000;TCZP2003;IT0000840;INC20887810;Wymiana glowicy;176528;
2024-10-15 00:00:00.000;TCZP2001;IT0012719;INC20889166;Problem sieciowy;-;
2024-10-03 00:00:00.000;TCZP1126;IT0038543;INC20743117;Kalibracja;n/d;
2024-10-03 00:00:00.000;TCZP1149;IT0027031;INC20735127;Kalibracja;n/d;
2024-10-02 00:00:00.000;TCZP1194;IT0018879;INC20743395;Problem sieciowy;n/d;
2024-10-02 00:00:00.000;TCZP2057;IT0021132;INC20742219;Problem sieciowy;n/d;problem dotyczy drukarek hellermann pod∏àczonych do switcha TCZTS-PROD-147
2024-10-02 00:00:00.000;TCZP3160;IT0018550;INC20742197;Problem sieciowy;n/d;problem dotyczy drukarek hellermann podlaczonych do switcha TCZTS-prod-147
2024-09-29 00:00:00.000;TCZP3213;IT0023000;INC20639155;Problem sieciowy;n/d;
2024-09-20 00:00:00.000;TCZP1244;IT0013894;INC20525895;Kalibracja;n/d;
2024-09-09 00:00:00.000;...;IT0022957;INC20372282;Kalibracja;n/d;
2024-09-09 00:00:00.000;TCZP2057;IT0021132;INC20372282;Kalibracja;n/d;
2024-08-26 00:00:00.000;TCZP1057;IT0028006;INC20198788;Kalibracja;n/d;
2024-08-21 00:00:00.000;TCZP1185;IT0027931;INC20142881;Kalibracja;n/d;
2024-10-17 00:00:00.000;TCZP3241;IT0038548;INC20845689;Problem sieciowy;n/a;
2024-10-17 00:00:00.000;TCZP4079;IT0038154;INC20892881;Problem z czujnikiem;n/a;
2024-10-17 00:00:00.000;TCZP4081;IT0038152;INC20892881;Problem z czujnikiem;n/a;
2024-10-18 00:00:00.000;TCZP1218;IT0011935;INC20932307;Kalibracja;n/a;
2024-10-18 00:00:00.000;TCZP1250;IT0013873;INC20932392;Kalibracja;n/a;
2024-10-18 00:00:00.000;TCZP3248;IT0024354;INC20968424;Kalibracja;n/d;
2024-10-19 00:00:00.000;TCZP3159;IT0024352;TPM;Czyszczenie;n/a;
2024-10-19 00:00:00.000;TCZP1028;IT0004133;INC20980997;Kalibracja;-;
2024-10-21 00:00:00.000;TCZP1057;IT0028006;INC20998487;Kalibracja;n/d;Kalibracja rozwiàza∏a problem z drukowaniem
2024-10-21 00:00:00.000;TCZP1213;IT0009272;INC20998452;Kalibracja;n/d;Kalibracja rozwiàza∏a problem
2024-10-21 00:00:00.000;TCZP4095;IT0038585;TASK5791630;Kalibracja;n/d;kalobracja, reset do defaulta, wypozycjonowanie
2024-10-22 00:00:00.000;TCZP3153;IT0025047;INC21009631;.Nie jestem w stanie wybraç odpowiedniej kategorii;n/d;kalibracja i usuni´cie nawini´tych naklejek z wa∏ka
2024-10-22 00:00:00.000;TCZP1189;IT0018872;INC20969548;Problem sieciowy;n/d;
2024-10-22 00:00:00.000;TCZP1144;IT0036599;INC21015716;Kalibracja;n/d;By∏o za du˝o kalki chyba i nie równo roz∏o˝one dociski.
2024-10-22 00:00:00.000;TCZP1218;IT0011935;INC21014749;Kalibracja;n/d;Skalibrowano media and ribbon
2024-10-21 00:00:00.000;TCZP3203;IT0024174;TASK5791850;Kalibracja;n/d;weryfikacja, zmiana darkness i speed, kalibracja, reset do defaulta, ponowna kalibracja i wypozycjonowanie nadruku
2024-10-24 00:00:00.000;TCZP1025;IT0036572;INC21038968;Kalibracja;n/d;weryfikacja problemu, wydruki testowe, poprawne na∏o˝enie taÊmy z naklejkami, ponowne wydruki, zdj´cie nadmiaru zuzytej kalki, wydruki testowe, odkr´cenie wygi´tej blaszki przy g∏owicy, wydruki testowe
2024-10-16 00:00:00.000;TCZP2056;IT0013791;INC20920988;Wymiana glowicy;176634 ;Drukarka sie zagrzala, byla goraca i smierdziala plastikiem. Prawdopodobnie spowodowane umyciem glowicy plynem esd przez operatra. Pozniej nie wykrywalo zianstalowanej glowicy.
2024-10-24 00:00:00.000;TCZP1023;IT0005223;INC21022031;.Nie jestem w stanie wybraç odpowiedniej kategorii;-;Reset defaults ustawieƒ, restart drukarki
2024-10-24 00:00:00.000;TCZP3210;IT0038545;INC21028216;.Nie jestem w stanie wybraç odpowiedniej kategorii;-;Reset defaults ustawien, restart
2024-10-24 00:00:00.000;TCZP1126;IT0038543;INC21028216;.Nie jestem w stanie wybraç odpowiedniej kategorii;-;reset defaults ustawien, restart
2024-10-24 00:00:00.000;TCZQ0082;IT0037738;INC21042293;.Nie jestem w stanie wybraç odpowiedniej kategorii;-;Problem z sesja w IB
2024-10-24 00:00:00.000;TCZQ0083;IT0037737;INC21042293;.Nie jestem w stanie wybraç odpowiedniej kategorii;-;Problem z sesja w IB
2024-10-24 00:00:00.000;TCZQ0084;IT0037663;INC21042293;.Nie jestem w stanie wybraç odpowiedniej kategorii;-;Problem z sesja w IB
2024-10-27 00:00:00.000;TCZP1177;IT0011927;INC21051604;.Nie jestem w stanie wybraç odpowiedniej kategorii;n/d;
2024-10-29 00:00:00.000;TCZP4088;IT0038156;INC21097522;Kalibracja;n/d;G∏owica nie dociska∏a naklejek, problemem by∏ wa∏ek który zosta∏ wyj´ty z miejsca i nie w∏o˝ony odpowiednio
2024-10-30 00:00:00.000;TCZP3249;IT0017495;INC21110073;Kalibracja;n/d;
2024-10-30 00:00:00.000;TCZP1177;IT0011927;INC21116653;.Nie jestem w stanie wybraç odpowiedniej kategorii;n/d;
2024-10-30 00:00:00.000;TCZP1218;IT0011935;INC21119336;Wymiana mediow;n/d;
2024-10-31 00:00:00.000;TCZQ0083;IT0037737;INC21111506;Problem sieciowy;n/d;
2024-10-31 00:00:00.000;TCZP3164;IT0017496;INC21122615;Kalibracja;n/d;
2024-10-31 00:00:00.000;TCZQ0083;IT0037737;TPM;Kalibracja;n/a;
2024-10-23 00:00:00.000;TCZP1194;IT0024850;INC21033668;.Nie jestem w stanie wybraç odpowiedniej kategorii;n/d;Drukarka jest po wymianie p∏yty g∏ównej i nie trzyma znów ustawieƒ. Podmieni∏em bateri´, ale nic to nie da∏o.
2024-11-04 00:00:00.000;TCZP1194;IT0018879;INC21164739;Kalibracja;n/d;
2024-11-04 00:00:00.000;TCZP1150;IT0025867;INC21164710;Kalibracja;n/d;
2024-11-04 00:00:00.000;TCZP4088;IT0038156;INC21167133;Kalibracja;n/d;
2024-11-05 00:00:00.000;TCZP3227;IT0023153;INC21176992;Kalibracja;n/d;
2024-11-05 00:00:00.000;TCZP1086;IT0019465;INC21183663;Kalibracja;n/d;reset do defaulta, kalibracja, wypozycjonowanie nadruku
2024-11-05 00:00:00.000;TCZP3222;IT0023140;INC21184974;Kalibracja;n/d;weryfikacja problemu, reset do defaulta, kalibracja, wypozycjonowanie nadruku, zmiana docisków
2024-11-06 00:00:00.000;TCZP1187;IT0002264;INC21193346;Kalibracja;n/d;
2024-11-06 00:00:00.000;TCZP2057;IT0021132;INC21191304;Problem sieciowy;-;reset defaults usawien, wczyszczenie pamieci drukarki
2024-11-06 00:00:00.000;TCZP3248;IT0024354;INC21205468;Wymiana mediow;n/d;
2024-11-07 00:00:00.000;TCZP1177;IT0011927;INC21140550;.Nie jestem w stanie wybraç odpowiedniej kategorii;n/d;
2024-11-07 00:00:00.000;TCZP0027;IT0002132;INC21140550;Kalibracja;n/d;Drukarka ma zyzytà g∏owic´. Nalezy zakupiç nowà drukark´ mobilnà w zamian za obecnà
2024-11-07 00:00:00.000;TCZP3190;IT0037291;INC21186677;Kalibracja;n/d;
2024-11-07 00:00:00.000;TCZP1041;IT0002824;INC21202402;Kalibracja;n/d;
2024-11-07 00:00:00.000;TCZP1185;IT0027931;INC21210614;Kalibracja;n/d;
2024-11-07 00:00:00.000;TCZP1164;IT0020296;INC21201134;Kalibracja;n/a;
2024-11-07 00:00:00.000;TCZP3248;IT0024354;INC21214416;Wymiana mediow;n/a;
2024-11-08 00:00:00.000;TCZP1086;IT0019465;INC21223211;Kalibracja;n/d;
2024-11-12 00:00:00.000;TCZP1086;IT0019465;INC21276988;Kalibracja;n/d;Kalka by∏a êle zalo˝ona. Poinformowano operatora o b∏´dzie.
2024-11-12 00:00:00.000;TCZP1163;IT0003690;INC21256660;Kalibracja;n/d;Drukarka chyba ma problem z trzymaniem ustawieƒ, ale nie zdà˝y∏em zweryfikowaç. Po defaultcie drukuje troch´ lepiej, jednak dalej im nie pasuje
2024-11-18 00:00:00.000;TCZP3203;IT0024174;INC21284372;.Nie jestem w stanie wybraç odpowiedniej kategorii;-;Demonta˝ frontu drukarki od rewindera. Zmiana prarametrów Tear- Off, zmiana offsetów, Kalibracja 
2024-11-19 00:00:00.000;TCZP3170;IT0028325;INC21293613;Kalibracja;n/d;Drukarka robi dziwne niedodruki w okolicach kraw´dzi drukowanego obszaru. Pomog∏o zwi´kszenie darknessu, jednak dalej nie jest idealnie.
2024-11-21 00:00:00.000;TCZP1225;IT0014592;INC21361341;Kalibracja;n/d;kalibracja, wypozycjonowanie nadruku, ustawienie odpowiedniego poziomu darkness
2024-11-21 00:00:00.000;TCZP2042;IT0014591;TASK5822753;Kalibracja;n/d;Skalibrowanie drukarki rozwiàza∏o problem
2024-11-22 00:00:00.000;TCZP3244 ;IT0024204;INC21400172;Kalibracja;n/d;Z∏e po∏o˝enie czujnika
2024-11-28 00:00:00.000;TCZP3168;IT0003422;INC21471147;Wymiana glowicy;178176;
2024-11-28 00:00:00.000;TCZP3186;IT0002771;INC21441000;Czyszczenie;-;Czyszczenie g∏owicy, zmiana darkness, speed 
2024-12-03 00:00:00.000;TCZP1082;IT0012260;INC21521029;.Nie jestem w stanie wybraç odpowiedniej kategorii;n/d;problemem by∏o u˝ywanie niew∏aÊciwej stacji FF
2024-12-04 00:00:00.000;TCZP1120;IT0013896;INC21540616;Kalibracja;n/d;problem z mediami - pomog∏a kalibracja. Potem pojawi∏ sie problem z brakujàcyn numerem pod barcodem - tutaj pomóg∏ reset do defaulta.
2024-12-04 00:00:00.000;TCZP2082;IT0000665;INC21529668;.Nie jestem w stanie wybraç odpowiedniej kategorii;-;Problem z by∏ zwiàzany z konfiguracja  drukarki w baanie
2024-12-04 00:00:00.000;TCZP1018;IT0036600;INC21532835;Kalibracja;-;Zmiana pozycji i si∏y docisków, usuniecie przyklejonych  etykiet z wa∏ka, reset default, zmiana darkness
2024-12-04 00:00:00.000;TCZP1173;IT0013365;INC21528139;Wymiana mediow;-;wymiana kalki na poprawny item, czyszczenie g∏owicy, zmiana offsetów i tear off
2024-12-04 00:00:00.000;TCZP1181;IT0036575;INC21541811;Wymiana glowicy;178334;wymiana g∏owicy, kalibracja
2024-12-04 00:00:00.000;TCZP2006;IT0012405;inc21485209;Czyszczenie;n/a;
2024-12-05 00:00:00.000;tczp1112;IT0003632;INC21557637;Kalibracja;n/d;
2024-12-09 00:00:00.000;TCZP1194;IT0024850;INC21033668;Kalibracja;n/a;
2024-12-09 00:00:00.000;TCZP1194;IT0024850;INC21593441;Kalibracja;n/a;
2024-12-11 00:00:00.000;TCZP1182;IT0023337;INC21623348;.Nie jestem w stanie wybraç odpowiedniej kategorii;-;Reset default ustawieƒ drukarki
2024-12-13 00:00:00.000;TCZP2057;IT0021132;INC21651796;Problem sieciowy;n/d;wymiana p∏yty g∏ównej
2024-12-14 00:00:00.000;TCZP1088;IT0018390;INC21655920;Kalibracja;n/a;
2024-12-17 00:00:00.000;TCZP1194;IT0024850;INC21688598;Kalibracja;n/a;
2024-12-18 00:00:00.000;TCZP1088;IT0018390;INC21705230;Kalibracja;n/d;Ustawienie docisków i darknessu. Rwa∏o kalk´
2024-12-20 00:00:00.000;TCZP1198;IT0018871;INC21677879;Kalibracja;N/D;Skalibrowanie drukarki
2024-12-20 00:00:00.000;TCZP1054;IT0018539;INC21732999;Kalibracja;-;zmiana pozycji docisków, si∏y docisków, zmiana darkness
2024-12-23 00:00:00.000;TCZP3179;IT0018041;Inwentaryzacja;Wymiana glowicy;178946;Wymiana g∏owicy
2025-01-02 00:00:00.000;TCZP1088;IT0018390;INC21869209;Czyszczenie;n/d;czyszczenie czujnika obecnosci papieru
2025-01-07 00:00:00.000;TCZP1194;IT0024850;INC21932901;Kalibracja;n/d;Drukarka po restarcie nie trzyma ustawieƒ.
2025-01-07 00:00:00.000;TCZP4056;IT0023176;INC21933757;Kalibracja;n/d;zwi´kszenie docisków i kalibracja
2025-01-07 00:00:00.000;TCZP1185;IT0027931;INC21933252;Kalibracja;n/d;Poprawa mediów po za∏o˝eniu przez brygadzist´.
2025-01-07 00:00:00.000;TCZP1088;IT0018390;INC21933458;Kalibracja;n/d;Zmieniono ustawienia konwersji formatu
2025-01-07 00:00:00.000;TCZP3225;IT0036370;INC21932596;Kalibracja;n/d;èle za∏o˝one media
2025-01-08 00:00:00.000;TCZP3160;IT0018550;INC21954263;Problem sieciowy;n/d;
2025-01-09 00:00:00.000;TCZP1192;IT0024780;INC21966270;Problem sieciowy;-;clean memory printer, reset default, restart drukarki 
2025-01-09 00:00:00.000;TCZP1170;IT0037030;INC21965962;Wymiana mediow;-;poprawne za∏o˝enie etykiet, reset default ustawieƒ
2025-01-13 00:00:00.000;TCZP1045;IT0036573;INC22003362;Kalibracja;n/d;kalibracja, poprawa u∏o˝enia kalki, wypozycjonowanie nadruku
2025-01-14 00:00:00.000;TCZP1169;IT0036577;INC22015019;Kalibracja;n/d;Drukarka drukowala uciete naklejki. Defautl pomog∏
2025-01-14 00:00:00.000;TCZP1030;IT0002779;INC22012660;Wymiana glowicy;179246;Robi∏y si´ paski, kody nie skanowa∏y, wi´c wymieni∏em g∏owic´
2025-01-14 00:00:00.000;TCZP1212;IT0025877;INC22016397;Problem sieciowy;n/a;
2025-01-14 00:00:00.000;TCZP1169;IT0036577;INC22017882;Wymiana glowicy;179261;
2025-01-16 00:00:00.000;TCZP1235;IT0003786;INC22044473;Kalibracja;n/d;
2025-01-17 00:00:00.000;TCZP1087;IT0002282;INC22055084;.Nie jestem w stanie wybraç odpowiedniej kategorii;-;brak zasilania
2025-01-17 00:00:00.000;TCZP1076;IT0036456;INC22060441;Kalibracja;n/d;
2025-01-17 00:00:00.000;TCZP3151;IT0021327;INC22016502;Kalibracja;n/a;
2025-01-20 00:00:00.000;TCZP1082;IT0012260;INC22086604;Kalibracja;N/D;Kalibracja 
2025-01-20 00:00:00.000;TCZP1174;IT0007520;IT0007520;Kalibracja;N/D;kalibracja
2025-01-21 00:00:00.000;TCZP1022;IT0003691;INC22086489;Kalibracja;-;zmiana darkness, pozycji docików, wyprosowanie maskownicy g∏owicy
2025-01-22 00:00:00.000;TCZP1194;IT0024850;INC22112329;Kalibracja;n/d;Drukarka dalej nie trzyma ustawieƒ, ustawiono IP i skalibrowano
2025-01-22 00:00:00.000;TCZP1062;IT0021112;INC22112609;Kalibracja;n/a;
2025-01-22 00:00:00.000;TCZP1223;IT0012410;INC22112402;Kalibracja;n/d;Poprawa mediów, lekkie przeczyszczenie drukarki
2025-01-23 00:00:00.000;TCZP1190;IT0018099;INC22137473;Czyszczenie;n/d;Nieprawid∏owo za∏o˝one media. Przeczyszczono zalegajàce naklejki i za∏o˝ono media poprawnie.
2025-01-23 00:00:00.000;TCZP1214;IT0020344;INC22112372;Kalibracja;n/d;Drukarka coÊ zamuli∏a
2025-01-24 00:00:00.000;TCZP1143;IT0003178;INC22150095;Wymiana glowicy;179670;Wymiana g∏owicy, kalibracja, zmiana offsetów
2025-01-24 00:00:00.000;TCZP1213;IT0009272;INC22150095;Wymiana glowicy;179671;Wymiana g∏owicy, kalibracja, zmiana offsetów
2025-01-24 00:00:00.000;TCZP1222;IT0012019;INC22150095;Czyszczenie;-;wyczyszczenie g∏owicy, zmiana darkness, kalibracja, zmiana offsetów
2025-01-24 00:00:00.000;TCZP1180;IT0011903;INC22150095;Czyszczenie;-;Czyszczenie g∏owicy, kalibracja, zmiana darkness, zmiana offsetów
2025-01-27 00:00:00.000;TCZP1062;IT0021112;INC22176163;Kalibracja;n/d;
2025-01-27 00:00:00.000;TCZP3151;IT0021327;INC22150300;Kalibracja;n/d;
2025-01-30 00:00:00.000;TCZP1054;IT0018539;INC22212074;Kalibracja;n/d;
2025-01-30 00:00:00.000;TCZP1153;IT0004778;INC22214059;Czyszczenie;n/a;
2025-01-30 00:00:00.000;TCZP1218;IT0011935;INC22214466;Kalibracja;n/a;
2025-02-01 00:00:00.000;TCZP1056;IT0028324;INC22232812;Kalibracja;n/d;kalibracja pomog∏a z p∏ywajàcym wydrukiem
2025-02-03 00:00:00.000;TCZP2051;IT0002777;INC22189017;Wymiana glowicy;179953;
2025-02-03 00:00:00.000;TCZP1241;IT0009394;TASK5907025;Czyszczenie;Czyszczenie;
2025-02-04 00:00:00.000;TCZP3151;IT0021327;INC22266689;Kalibracja;brak;
2025-02-05 00:00:00.000;TCZP1067;IT0028249;INC22283779;Czyszczenie;n/d;czyszczenie g∏owicy rozwiàza∏o problem z niedodrukami
2025-02-07 00:00:00.000;TCZP1214;IT0020344;INC22325972;Czyszczenie;n/d;Wyczyszczenie czujników, poprawienie mediów, za∏o˝enie rolki, kalibracja 
2025-02-11 00:00:00.000;TCZP3218;IT0023177;TASK5917017;Problem z czujnikiem;n/d;Czujnik zosta∏ ustawiony, drukarka zosta∏a skalibrowana, tear off zosta∏ przestawiony 
2025-02-12 00:00:00.000;TCZP1185;IT0027931;tczp1185;Czyszczenie;n/a;
2025-02-12 00:00:00.000;TCZP1194;IT0024850;INC22389192;Problem sieciowy;n/d;Karta sieciowa zosta∏a przestawiona na dhcp, dodatkowo potrzebna by∏a kalibracja wydruku
2025-02-14 00:00:00.000;TCZP1062;IT0021112;INC22358441;Czyszczenie;-;Wyczyszczenie walka Zmiana si∏y i pozycji docisków. 
2025-02-14 00:00:00.000;TCZP3247;IT0024353;INC22283580;Kalibracja;-;Reset default, kalibracja, zmiana offcetów
2025-02-17 00:00:00.000;TCZP1147;IT0002447;INC22457335;Kalibracja;-;Zmiana pozycji i si∏y docisków, zmiana darkness
2025-02-20 00:00:00.000;TCZP4088;IT0038156;INC22500619;Kalibracja;brak;Kalibracja i czyszczenie g∏owicy.
2025-02-26 00:00:00.000;TCZP3150;IT0025879;INC22574285;Kalibracja;N/D;poprawienie mediow, kalibracja drukarki
2025-02-27 00:00:00.000;TCZP1194;IT0024850;INC22586048;Kalibracja;n/a;
2025-02-28 00:00:00.000;TCZP1218;IT0011935;INC22586078;Kalibracja;n/d;Wyglàda jakby drukarka si´ zresetowa∏a do domyÊlnych, b∏àd operatora?
2025-03-03 00:00:00.000;TCZP4088;IT0038156;INC22621648;Kalibracja;n/a;
2025-03-03 00:00:00.000;TCZP4091;IT0038162;INC22621662;Kalibracja;n/a;
2025-03-05 00:00:00.000;TCZP4056;IT0023176;INC22654022;Kalibracja;-;Reset default ustawieƒ, kalibracja, zmiana offsetów, zmiana darkness
2025-03-06 00:00:00.000;TCZP3227;IT0023153;INC22660944;Kalibracja;N/D;problem z mediami i czytelnoscia nadruku 
2025-03-06 00:00:00.000;TCZP3213;IT0023000;INC22661112;Kalibracja;N/D;problem z siecia
2025-03-10 00:00:00.000;TCZP1019;IT0023724;INC22663154;Problem z czujnikiem;-;Zmiana pozycji czujnika, kalibracja, wyczyszczenie wa∏ka i g∏owicy, zmiana offsetów
2025-03-10 00:00:00.000;TCZP1221;IT0014948;TCZP1221;Kalibracja;-;zmiana konwersji dpi, zmiana offsetów, zmiana tear off
2025-03-11 00:00:00.000;TCZP1082;IT0012260;INC22722959;Problem sieciowy;n/d;Drukarka traci∏a po∏àczenie przy ruszaniu, zarobienie koƒcówki.
2025-03-11 00:00:00.000;TCZP3160;IT0018550;INC22725467;Problem sieciowy;brak;
2025-03-11 00:00:00.000;TCZP1024;IT0002289;INC22726287;Wymiana glowicy;181193;
2025-03-14 00:00:00.000;TCZP4094;IT0038159;INC22758436;.Nie jestem w stanie wybraç odpowiedniej kategorii;-;Wymiana kabla zasilajacego 
2025-03-14 00:00:00.000;TCZP1244;IT0013894;INC22764987;Wymiana glowicy;181372;FLX-PRI-PTR-N00038  
2025-03-14 00:00:00.000;TCZP1182;IT0023337;INC22765511;Kalibracja;n/a;
2025-03-17 00:00:00.000;TCZP2003;IT0000840;TASK5961118;Wymiana glowicy;181404;przepalona g∏owica, wymieniona na nowà
2025-03-22 00:00:00.000;TCZP1235;IT0003786;INC22851024;Wymiana mediow;n/d;Nowy typ naklejek nie pasowa∏ do za∏o˝onej kalki
2025-03-28 00:00:00.000;TCZP1150;IT0023175;INC22917123;Wymiana walka;182883;wymiana wa∏ka i kalibracja
2025-04-01 00:00:00.000;TCZP1224;IT0024938;INC22966556;Uszkodzenie mechaniczne;n/d;Brakowa∏o plastikowej prowadnicy taÊmy, podkrad∏em z jednej z uszkodzonych wybrakowanych drukarek
2025-04-01 00:00:00.000;TCZP1224;IT0024938;INC22979551;.Nie jestem w stanie wybraç odpowiedniej kategorii;-;Restart, kalibracja, zmiana offsetów, 
2025-04-02 00:00:00.000;TCZP3252;IT0038546;INC22996232;Czyszczenie;n/d;Czyszczenie i kalibracja
2025-04-03 00:00:00.000;TCZP1100;IT0020364;INC22789975;.Nie jestem w stanie wybraç odpowiedniej kategorii;n/d;wymiana p∏yty g∏ównej
2025-04-05 00:00:00.000;TCZP1150;IT0023175;INC23021139;Kalibracja;n/d;Zmiana softu, dostrojenie wydruku, ˝eby nie ucina∏a dolnych napisów
2025-04-05 00:00:00.000;TCZP2019;IT0009187;INC23025387;Uszkodzenie mechaniczne;n/d;Skr´cenie drukarki, mi´dzy innymi wypad∏ wa∏ek z prowadnic, docis kalki wymaga∏ prostowania, plus wykonanie kalibracji. Drukarka nie posiada ogranicznika do naklejek
2025-04-05 00:00:00.000;TCZP4095;IT0038585;INC23025065;Uszkodzenie mechaniczne;n/d;Ca∏y mechanizm zosta∏ zablokowany, wymaga∏o to rozkr´cenia drukarki i przeglàdu ca∏ego uk∏adu nap´dowego. Awaria zosta∏a usuni´ta
2025-04-05 00:00:00.000;TCZP1092;IT0002491;INC23017865;Wymiana walka;183124;Wymiana wa∏ka, wyeksploatowany, pop´kany.
2025-04-08 00:00:00.000;TCZP3252;IT0038546;INC23066161;Wymiana walka;184209;Wymiana g∏owicy. Czyszczenie. Kalibracja