Data Awarii;TCZP;ITNumber;TicketNumber;Rodzaj Naprawy;Non Bom Number;Info;Numer;Numer IT;Tczp;Model;Numer seryjny;Lokalizacja;Linie / projekt;Wydruki w loftware;Wydruki z BAAN;¸àczna liczba wydruków;Okres przeglàdu;Limit wydruków;Total
2024-08-12 00:00:00.000;TCZP1022;IT0003691;INC20031118;Kalibracja;-;;221.0;IT0003691;TCZP1022;zebra,110xi4,300dpi;14J112700681;b1;przymaszyniefa-109;5184.0;0.0;5184.0;Pó∏roczny;100000.0;63897.0
2024-08-12 00:00:00.000;TCZP3151;IT0021327;INC20030996;Problem sieciowy;-;;769.0;IT0021327;TCZP3151;hellermann300dpi;H4194V200900019;b1;stanowiskoims;17960.0;0.0;17960.0;Pó∏roczny;100000.0;191927.0
2024-08-16 00:00:00.000;TCZP1160;IT0037698;INC20080414;Kalibracja;Brak;;1010.0;IT0037698;TCZP1160;ttbp300i;H422100010;b1;wykrawarki;9422.0;0.0;9422.0;Pó∏roczny;100000.0;41568.0
2024-08-19 00:00:00.000;TCZP4058;IT0024849;INC20118665;Wymiana czesci;-;wymiana zasilacza;887.0;IT0024849;TCZP4058;hellermann,300dpi;H520300006;b4;pakowianie;169.0;0.0;169.0;Pó∏roczny;100000.0;3357.0
2024-08-19 00:00:00.000;TCZP1056;IT0028324;INC20123212;Kalibracja;Brak;;922.0;IT0028324;TCZP1056;citizencl-s631ii;JM632260487;b2;dry box;2438.0;0.0;2438.0;Pó∏roczny;100000.0;57878.0
2024-08-20 00:00:00.000;TCZP1185;IT0027931;INC20130491;Kalibracja;n/d;poluênienie rewindera, kalibracja wydruki testowe, zdj´cie mediów z rewindera i ponowna kalibracja, wypozycjonowanie nadruku;911.0;IT0027931;TCZP1185;ttbp6;H520500022;b3;sprue;5445.0;0.0;5445.0;Pó∏roczny;100000.0;420297.0
2024-08-20 00:00:00.000;TCZP1185;IT0027931;INC20136948;Kalibracja;n/d;zdjecie zu˝ytych mediów z rewindera, kalibracja, wypozycjonowanie naklejki, ustawienie tear-off;911.0;IT0027931;TCZP1185;ttbp6;H520500022;b3;sprue;5445.0;0.0;5445.0;Pó∏roczny;100000.0;420297.0
2024-08-21 00:00:00.000;TCZP1185;IT0027931;INC20142881;Kalibracja;-;;911.0;IT0027931;TCZP1185;ttbp6;H520500022;b3;sprue;5445.0;0.0;5445.0;Pó∏roczny;100000.0;420297.0
2024-08-21 00:00:00.000;TCZP1254;IT0016541;INC20149095;Wymiana paska;N/D;wymiana paska;525.0;IT0016541;TCZP1254;zebra,110xi4300dpi;14J171401530;b2;w2 module assembly 1;6931.0;0.0;6931.0;Pó∏roczny;100000.0;305175.0
2024-08-21 00:00:00.000;TCZP1194;IT0018879;INC20144328;Kalibracja;N/D;przywrócenie ustawieƒ fabrycznych drukarki + kalibracja;;;;;;;;;;;;;
2024-08-23 00:00:00.000;TCZP1233;IT0013790;INC20159565;Wymiana glowicy;174708;;543.0;IT0013790;TCZP1233;zebra,110xi4,300dpi;14J160600075;b4;pick from stock 3;100.0;0.0;100.0;Pó∏roczny;100000.0;25953.0
2024-08-23 00:00:00.000;TCZP1100;IT0020364;TASK5720501;Kalibracja;-;;737.0;IT0020364;TCZP1100;hellermann600dpi;H5178V200700015;b1;sealed air;223.0;0.0;223.0;Pó∏roczny;100000.0;10021.0
2024-08-23 00:00:00.000;TCZP2006;IT0012405;INC20168450;Kalibracja;-;;989.0;IT0012405;TCZP2006;zebra,110xi4300dpi;14J133400079;b2;stanowisko4;0.0;0.0;0.0;Pó∏roczny;100000.0;0.0
2024-08-23 00:00:00.000;TCZP2072;IT0014996;INC20168450;Kalibracja;-;;824.0;IT0014996;TCZP2072;zebraz4mplus300dpi;02C04460973;b2;stanowisko1;0.0;0.0;0.0;Pó∏roczny;100000.0;22238.0
2024-08-25 00:00:00.000;TCZP1018;IT0036600;INC20158171;Problem sieciowy;-;Reset default ustawieç;945.0;IT0036600;TCZP1018;110xi4 300dpi;14J112200147;b1;centrumpakowania;733.0;0.0;733.0;Pó∏roczny;100000.0;8386.0
2024-08-25 00:00:00.000;TCZP1174;IT0007520;INC20157735;Kalibracja;-;reset default settings, kalibracja, zmiana offcetów ;343.0;IT0007520;TCZP1174;zebra,110xi4300dpi;14j150500691;b2;stanowisko 1a;22116.0;0.0;22116.0;Pó∏roczny;100000.0;807456.0
2024-08-25 00:00:00.000;TCZP2030;IT0013366;INC20156837;Problem sieciowy;-;Uszkodzony kabel sieciowy. Wymiana Kabla sieciowego;454.0;IT0013366;TCZP2030;110xi4 300dpi;14J152400381;b3;stanowisko 3;0.0;0.0;0.0;Pó∏roczny;100000.0;275765.0
2024-08-26 00:00:00.000;TCZP1159;IT0004206;INC20196082;Wymiana walka;174773;Wyrobiony wa∏ek, nie dociska∏ naklejki w jednym miejscu;207.0;IT0004206;TCZP1159;zebra,110xi4300dpi;14J140200432;b2;stanowisko 1b;11953.0;0.0;11953.0;Pó∏roczny;100000.0;658571.0
2024-08-27 00:00:00.000;TCZP2027;IT0020860;INC20202470;Kalibracja;Brak;;831.0;IT0020860;TCZP2027;zebra,110xi4300dpi;14J164001033;b2;dzielenie 2;12.0;0.0;12.0;Pó∏roczny;100000.0;224422.0
2024-08-27 00:00:00.000;TCZP1169;IT0036577;INC20205604;Kalibracja;Brak;;980.0;IT0036577;TCZP1169;hellermann,600dpi;H5183V200700020;b2;sanowisko5.1;9363.0;0.0;9363.0;Pó∏roczny;100000.0;131121.0
2024-08-26 00:00:00.000;TCZP1185;IT0027931;INC20203466;Kalibracja;-;;911.0;IT0027931;TCZP1185;ttbp6;H520500022;b3;sprue;5445.0;0.0;5445.0;Pó∏roczny;100000.0;420297.0
2024-08-27 00:00:00.000;TCZP1109;IT0028323;INC20209386;Kalibracja;-;;921.0;IT0028323;TCZP1109;citizencl-s631ii;JM632260471;b2;kitting 1;13894.0;0.0;13894.0;Pó∏roczny;100000.0;590820.0
2024-08-28 00:00:00.000;TCZP1047;IT0000850;INC20218555;Kalibracja;Brak;;162.0;IT0000850;TCZP1047;zebra,110xi4300dpi;14J114000840;b2;stanowisko 1b;16888.0;0.0;16888.0;Pó∏roczny;100000.0;859009.0
2024-08-28 00:00:00.000;TCZP1194;IT0018879;INC20210328;Kalibracja;Brak;;;;;;;;;;;;;;
2024-08-28 00:00:00.000;TCZP2027;IT0020860;INC20218922;Kalibracja;-;;831.0;IT0020860;TCZP2027;zebra,110xi4300dpi;14J164001033;b2;dzielenie 2;12.0;0.0;12.0;Pó∏roczny;100000.0;224422.0
2024-08-29 00:00:00.000;TCZP2007;IT0002395;INC19809382;Wymiana glowicy;174881;Wymiana g∏owicy bo poprzednia by∏a przepalona;13.0;IT0002395;TCZP2007;110xi4 300dpi;14J111400182;b3;stanowisko9;0.0;0.0;0.0;Pó∏roczny;100000.0;217207.0
2024-08-29 00:00:00.000;TCZP2027;IT0020860;INC20229638;Czyszczenie;n/d;G∏owica by∏a brudna, to jà przetar∏em;831.0;IT0020860;TCZP2027;zebra,110xi4300dpi;14J164001033;b2;dzielenie 2;12.0;0.0;12.0;Pó∏roczny;100000.0;224422.0
2024-09-03 00:00:00.000;TCZP1163;IT0003690;INC20234889;Kalibracja;n/d;Poprawiono po∏o˝enie czujnika naklejek.;318.0;IT0003690;TCZP1163;zebrazm4plus;02C04410799;b1;narzedziownia,fa-0321;8543.0;0.0;8543.0;Pó∏roczny;100000.0;21034.0
2024-09-04 00:00:00.000;TCZP3252;IT0038546;INC20309922;Kalibracja;-;;1031.0;IT0038546;TCZP3252;ttbp3;H422500009;b1;small;465.0;0.0;465.0;Pó∏roczny;100000.0;1784.0
2024-09-04 00:00:00.000;TCZP1067;IT0028249;INC20311100;Kalibracja;-;;917.0;IT0028249;TCZP1067;hellermann bp bp1300i;H421600076;b2;workshop;43856.0;0.0;43856.0;Pó∏roczny;100000.0;43856.0
2024-09-05 00:00:00.000;TCZP3164;IT0017496;TASK5736624;Kalibracja;n/d;Problem zosta∏ rozwiàzany przez przywrócenie ustawieƒ domyÊlnych drukarki;821.0;IT0017496;TCZP3164;hellermann600dpi;H5197V200900004;b1;zoid shelf;2912.0;0.0;2912.0;Pó∏roczny;100000.0;42539.0
2024-09-06 00:00:00.000;TCZP3156;IT0020114;INC20334847;Kalibracja;n/d;Sama kalibracja i sprawdzenie czy media sà dobrze za∏o˝one.;741.0;IT0020114;TCZP3156;hellermann,300dpi;H4181V200700099;b2;visualinspection5.9;32.0;0.0;32.0;Pó∏roczny;100000.0;9106.0
2024-09-06 00:00:00.000;TCZP1088;IT0018390;INC20338041;Kalibracja;n/d;Przeczyszczenie czujników i media and ribbon calibration;553.0;IT0018390;TCZP1088;zebra,110xi4600dpi;14J180900031;b2;miernik 2;23021.0;0.0;23021.0;Pó∏roczny;100000.0;859998.0
2024-09-06 00:00:00.000;TCZP1059;IT0002426;INC20295198;Problem sieciowy;-;Reset default ustawieƒ, restart ;163.0;IT0002426;TCZP1059;110xi4 600 dpi;14J121900294;b4;pakowanie;835.0;0.0;835.0;Pó∏roczny;100000.0;761989.0
2024-09-09 00:00:00.000;TCZP1185;IT0027931;INC20373961;Kalibracja;-;;911.0;IT0027931;TCZP1185;ttbp6;H520500022;b3;sprue;5445.0;0.0;5445.0;Pó∏roczny;100000.0;420297.0
2024-09-09 00:00:00.000;TCZP1214;IT0020344;INC20342495;Kalibracja;-;;732.0;IT0020344;TCZP1214;hellermann,600dpi;H5178V200700009;b4;shearwater;81314.0;0.0;81314.0;Pó∏roczny;100000.0;477000.0
2024-09-09 00:00:00.000;TCZP2057;IT0021132;INC20372282;Kalibracja;-;;766.0;IT0021132;TCZP2057;hellermann,300dpi;H4194V200900040;b2;dzielenie 3;2132.0;0.0;2132.0;Pó∏roczny;100000.0;344418.0
2024-09-10 00:00:00.000;TCZP3213;IT0023000;INC20379408;Problem sieciowy;N/D;Kalibracja pod∏àczenie sieci;806.0;IT0023000;TCZP3213;hellermann,300dpi;H416AV200600045;b2;dzielenie 6;3026.0;0.0;3026.0;Pó∏roczny;100000.0;415392.0
2024-09-10 00:00:00.000;TCZP3198;IT0002288;INC20380056;Kalibracja;N/D;Kalibracja etykiety;281.0;IT0002288;TCZP3198;110xi4;14J142500565;b2;miernik 2;16104.0;0.0;16104.0;Pó∏roczny;100000.0;779550.0
2024-09-11 00:00:00.000;TCZP2015;IT0002809;INC20373586;Czyszczenie;-;Wyczyszczenie g∏owicy, zmiana speed, darkness, zmiana offcetów ;300.0;IT0002809;TCZP2015;zebra,110xi4,300dpi;14J141601089;b3;stanowisko8;0.0;0.0;0.0;Pó∏roczny;100000.0;155532.0
2024-09-11 00:00:00.000;TCZP3170;IT0028325;INC20396709;Problem z czujnikiem;-;Zmiana pozycji czujnika etykietm, reset defaults, zmiana szykoÊci, darknessu, offcetów. Kalibracja ;923.0;IT0028325;TCZP3170;citizencl-s631ii;JM632260485;b2;kitting 5;88776.0;0.0;88776.0;Pó∏roczny;100000.0;746316.0
2024-09-10 00:00:00.000;TCZP1250;IT0013873;INC20392757;Czyszczenie;n/d;Czyszczenie wa∏ka z mediów;460.0;IT0013873;TCZP1250;zebra,110xi4300dpi;14J160600078;b2;stanowisko 1a;9489.0;0.0;9489.0;Pó∏roczny;100000.0;179995.0
2024-09-10 00:00:00.000;TCZP1187;IT0002264;INC20392757;Czyszczenie;n/d;Czyszczenie wa∏ka z mediów;275.0;IT0002264;TCZP1187;110xi4  300 dpi;80J101100299;b2;dry box;0.0;0.0;0.0;Pó∏roczny;100000.0;764144.0
2024-09-11 00:00:00.000;TCZP3170;IT0028325;INC20402057;Kalibracja;n/d;Ustawienie czujnika i zmiana ustawieƒ w osi poziomej.;923.0;IT0028325;TCZP3170;citizencl-s631ii;JM632260485;b2;kitting 5;88776.0;0.0;88776.0;Pó∏roczny;100000.0;746316.0
2024-09-11 00:00:00.000;TCZP1218;IT0011935;INC20406271;Czyszczenie;n/d;Wyciàgni´cie naklejki, która przyklei∏a si´ do czujnika;367.0;IT0011935;TCZP1218;zebra,110xi4600dpi;14j114300092;b2;stanowisko 1b;9394.0;0.0;9394.0;Pó∏roczny;100000.0;1932674.0
2024-09-12 00:00:00.000;TCZP3182;IT0002252;INC20386116;Kalibracja;-;;81.0;IT0002252;TCZP3182;zebra,110xi4;80J10070276;b2;zwroty;0.0;0.0;0.0;Pó∏roczny;100000.0;357931.0
2024-09-13 00:00:00.000;TCZP3170;IT0028325;INC20425866;Kalibracja;-;;923.0;IT0028325;TCZP3170;citizencl-s631ii;JM632260485;b2;kitting 5;88776.0;0.0;88776.0;Pó∏roczny;100000.0;746316.0
2024-09-13 00:00:00.000;TCZP3170;IT0028325;INC20425866;Kalibracja;n/d;weryfikacja drukarki z Marcinem, wydruki testowe, odstawienie na miejsce, wydruki testowe, ponowna weryfikacja po kolejnym telefonie, restart drukarki, kalibracja, sprawdzenie czujników, sprawdzenie ustawieƒ webowo, ustawienie odpowiedniej wysokoÊci;923.0;IT0028325;TCZP3170;citizencl-s631ii;JM632260485;b2;kitting 5;88776.0;0.0;88776.0;Pó∏roczny;100000.0;746316.0
2024-09-13 00:00:00.000;TCZP1150;IT0025867;INC20429595;Kalibracja;n/d;weryfikacja problemu, restart drukarki, wyzerowanie ustawieƒ, kalibracja wypozycjonowanie wydruku, próba poprawy rozmazanych barcodów, default drukarki, kalibracja, wypozycjonowanie;;;;;;;;;;;;;
2024-09-16 00:00:00.000;TCZP1037;IT0014692;INC20431429;Kalibracja;n/d;weryfikacja problemu, pod∏àczenie zewn´trznej karty sieciowej;476.0;IT0014692;TCZP1037;110xi4 300 dpi;14J163700156;b2;dzielenie 4;3930.0;0.0;3930.0;Pó∏roczny;100000.0;18799.0
2024-09-16 00:00:00.000;TCZP1185;IT0027931;INC20469079;Kalibracja;-;Poluênienie rewindera;911.0;IT0027931;TCZP1185;ttbp6;H520500022;b3;sprue;5445.0;0.0;5445.0;Pó∏roczny;100000.0;420297.0
2024-09-17 00:00:00.000;TCZP3153;IT0025047;INC20481469;Wymiana glowicy;175552;;860.0;IT0025047;TCZP3153;hellermann300dpi;H420C00077;b1;stanowisko ims kolo pem;35908.0;0.0;35908.0;Pó∏roczny;100000.0;192675.0
2024-09-17 00:00:00.000;TCZP2003;IT0000840;INC20432362;Kalibracja;-;;195.0;IT0000840;TCZP2003;xi4 300 dpi;14J132001174;b3;Dystrybucja;0.0;0.0;0.0;Pó∏roczny;100000.0;121536.0
2024-09-20 00:00:00.000;TCZP1092;IT0002491;INC20535329;Kalibracja;-;;77.0;IT0002491;TCZP1092;zebra,110xi4600dpi;14J111000542;b2;zelowanie;5120.0;0.0;5120.0;Kwartalny;100000.0;160435.0
2024-09-21 00:00:00.000;TCZP1025;IT0036572;INC20539053;Kalibracja;-;;977.0;IT0036572;TCZP1025;zebra,110xi4300dpi;14J142500573;b2;pakowanie;6500.0;0.0;6500.0;Pó∏roczny;100000.0;39246.0
2024-09-21 00:00:00.000;TCZP1028;IT0004133;INC20539059;Kalibracja;-;;68.0;IT0004133;TCZP1028;110xi4 300 dpi;14J110200110;b2;pakowanie;15350.0;0.0;15350.0;Pó∏roczny;100000.0;1652631.0
2024-09-22 00:00:00.000;TCZP1194;IT0018879;INC20492051;Problem z czujnikiem;-;Zmiana offsetów TOP position, Letf Position, reset default, zmiana pozycji czujnika etykiet;;;;;;;;;;;;;
2024-09-22 00:00:00.000;TCZP1194;IT0018879;INC20507136;Problem z czujnikiem;-;Zmiana pozycji czujnika, kalibracja, zmian offsetów TOP position, Left Position ;;;;;;;;;;;;;
2024-09-25 00:00:00.000;TCZP1132;IT0002440;INC20593282;Kalibracja;-;;285.0;IT0002440;TCZP1132;zebra,110xi4,300dpi;14J133400093;b1;ikea,jupiter;725.0;0.0;725.0;Pó∏roczny;100000.0;4023.0
2024-09-25 00:00:00.000;TCZP3158;IT0021751;INC20593160;Kalibracja;-;;773.0;IT0021751;TCZP3158;hellermann,600dpi;H518CV200900104;b2;tl;5411.0;0.0;5411.0;Pó∏roczny;100000.0;116787.0
2024-09-25 00:00:00.000;TCZP1011;IT0009200;INC20563452;Problem z czujnikiem;-;Usuni´cie przyplejonej etykiety z czujnika etykiet, ustawienie pozycji czujnika, wyczyszczenie czujnika izopropanolem, zmiana offsetów TOP Position, Left Position;351.0;IT0009200;TCZP1011;110 xi4 300;14j150900510;b2;kitting stanowisko lcr 1;1554.0;0.0;1554.0;Kwartalny;100000.0;145582.0
2024-09-25 00:00:00.000;TCZP3198;IT0002288;INC20563727;Uszkodzenie mechaniczne;-;Dogi´cie maskownicy g∏owycy, zmiana pozycji i si∏y gocisku docisków, wyczyszczenia wa∏ka;281.0;IT0002288;TCZP3198;110xi4;14J142500565;b2;miernik 2;16104.0;0.0;16104.0;Pó∏roczny;100000.0;779550.0
2024-09-25 00:00:00.000;TCZP1019;IT0023724;INC20564252;Kalibracja;-;Reset defaults, kalibracja, zmiana offcestów TOP Position Left Position ;819.0;IT0023724;TCZP1019;hellermann,600dpi;H5196V200900007;b4;tl;1846.0;0.0;1846.0;Pó∏roczny;100000.0;205029.0
2024-09-27 00:00:00.000;TCZP4088;IT0038156;INC20629301;Kalibracja;-;;1021.0;IT0038156;TCZP4088;cl-s631ii 300 dpi;JM632410009;b2;e/// air linia 1;70.0;0.0;70.0;Pó∏roczny;100000.0;10991.0
2024-09-27 00:00:00.000;TCZP3164;IT0017496;INC20609743;Kalibracja;-;;821.0;IT0017496;TCZP3164;hellermann600dpi;H5197V200900004;b1;zoid shelf;2912.0;0.0;2912.0;Pó∏roczny;100000.0;42539.0
2024-09-27 00:00:00.000;TCZP2056;IT0013791;INC20628931;Kalibracja;-;;;;;;;;;;;;;;
2024-09-27 00:00:00.000;TCZP4091;IT0038162;INC20617025;Kalibracja;-;;1027.0;IT0038162;TCZP4091;cl-s631ii 300 dpi;JM632410020;b2;engineering modu∏y;65.0;0.0;65.0;Pó∏roczny;100000.0;13827.0
2024-09-30 00:00:00.000;TCZP3164;IT0017496;TCZP3164 ;Kalibracja;-;reset default, kalibracja zmiana offsetów, TOP Position, Left Position,;821.0;IT0017496;TCZP3164;hellermann600dpi;H5197V200900004;b1;zoid shelf;2912.0;0.0;2912.0;Pó∏roczny;100000.0;42539.0
2024-10-03 00:00:00.000;TCZP2030;IT0013366;INC20702442;Czyszczenie;-;Czyszczenie g∏owicy, zmiana pozycji docisków;454.0;IT0013366;TCZP2030;110xi4 300dpi;14J152400381;b3;stanowisko 3;0.0;0.0;0.0;Pó∏roczny;100000.0;275765.0
2024-10-03 00:00:00.000;TCZP2030;IT0013366;IT0036370;Kalibracja;-;Reset Default, kalibracja, zmiana offsetów ;454.0;IT0013366;TCZP2030;110xi4 300dpi;14J152400381;b3;stanowisko 3;0.0;0.0;0.0;Pó∏roczny;100000.0;275765.0
2024-10-03 00:00:00.000;TCZP3225;IT0036370;INC20728959;Kalibracja;-;Reset default, kalibracja, zmiana offcestów ;936.0;IT0036370;TCZP3225;ttbp6;H521100080;b2;dystrybutor supermarketu;16196.0;0.0;16196.0;Pó∏roczny;100000.0;46648.0
2024-10-03 00:00:00.000;TCZP4088;IT0038156;INC20720068;Wymiana mediow;-;Wymiana kalki na poprawnà ;1021.0;IT0038156;TCZP4088;cl-s631ii 300 dpi;JM632410009;b2;e/// air linia 1;70.0;0.0;70.0;Pó∏roczny;100000.0;10991.0
2024-10-03 00:00:00.000;TCZP4091;IT0038162;INC20720068;Wymiana mediow;-;Wymiana kalki na poprawny item;1027.0;IT0038162;TCZP4091;cl-s631ii 300 dpi;JM632410020;b2;engineering modu∏y;65.0;0.0;65.0;Pó∏roczny;100000.0;13827.0
2024-10-03 00:00:00.000;TCZP4078;IT0038155;INC20724663;.Nie jestem w stanie wybraç odpowiedniej kategorii;-;Wyczyszczenie buforu wydruku w loftwarze;1020.0;IT0038155;TCZP4078;cl-s631ii 300 dpi;JM632410023;b2;engineering modu∏y;66.0;0.0;66.0;Pó∏roczny;100000.0;720.0
2024-10-03 00:00:00.000;TCZP4093;IT0038160;INC20724663;Wymiana mediow;-;Wymiana kalki na prawid∏owy item;1025.0;IT0038160;TCZP4093;cl-s631ii 300 dpi;JM632410011;b2;engineering modu∏y;24.0;0.0;24.0;Pó∏roczny;100000.0;69.0
2024-10-04 00:00:00.000;TCZP4058;IT0024849;INC20765223;Kalibracja;N/D;Kalibracja;887.0;IT0024849;TCZP4058;hellermann,300dpi;H520300006;b4;pakowianie;169.0;0.0;169.0;Pó∏roczny;100000.0;3357.0
2024-10-07 00:00:00.000;TCZP1185;IT0027931;INC20792266;Kalibracja;n/d;Dos∏ownie kalibracja. Mog∏em to zrobiç zdalnie. Nawet jej nie otworzy∏em;911.0;IT0027931;TCZP1185;ttbp6;H520500022;b3;sprue;5445.0;0.0;5445.0;Pó∏roczny;100000.0;420297.0
2024-10-07 00:00:00.000;TCZP1089;IT0001070;INC20797506;Kalibracja;n/d;Drukarka wymaga∏a ustawienia tej blaszki z przodu, co kalke trzyma;332.0;IT0001070;TCZP1089;zebra,110xi4,600dpi;14J123200793;b4;pcb reprogramming;5248.0;0.0;5248.0;Pó∏roczny;100000.0;650340.0
2024-10-08 00:00:00.000;TCZP3153;IT0025047;INC20800443;Problem z czujnikiem;n/d;czujnik by∏ êle wypozycjonowany, nie nachodzi∏ na naklejk´;860.0;IT0025047;TCZP3153;hellermann300dpi;H420C00077;b1;stanowisko ims kolo pem;35908.0;0.0;35908.0;Pó∏roczny;100000.0;192675.0
2024-10-10 00:00:00.000;TCZP3244 ;IT0024204;INC20840594;Kalibracja;-;;727.0;IT0024204;TCZP3244;hellermann,600dpi;H5196V200900010;b4;inspekcja wizualna;1619.0;0.0;1619.0;Pó∏roczny;100000.0;41532.0
2024-10-11 00:00:00.000;TCZP3252;IT0038546;INC20845700;Kalibracja;n/d;Poprawiono media;1031.0;IT0038546;TCZP3252;ttbp3;H422500009;b1;small;465.0;0.0;465.0;Pó∏roczny;100000.0;1784.0
2024-10-10 00:00:00.000;TCZP3182;IT0002252;INC20841846;Kalibracja;-;;81.0;IT0002252;TCZP3182;zebra,110xi4;80J10070276;b2;zwroty;0.0;0.0;0.0;Pó∏roczny;100000.0;357931.0
2024-10-11 00:00:00.000;TCZP1043;IT0003170;INC20823575;Problem sieciowy;-;Restart drukarki, wyczyszczenie g∏owicy, zmiana darkness;133.0;IT0003170;TCZP1043;110xi4 600dpi;14J113900832;b4;magazyn przepakowania;159.0;0.0;159.0;Pó∏roczny;100000.0;480223.0
2024-10-11 00:00:00.000;TCZP3211;IT0022952;INC20859903;Czyszczenie;n/d;Czyszcenie g∏owicy;882.0;IT0022952;TCZP3211;hellermann,300dpi;H4174V200600041;b4;pakowanie;8434.0;0.0;8434.0;Pó∏roczny;100000.0;66950.0
2024-10-11 00:00:00.000;TCZP1047;IT0000850;INC20851690;Kalibracja;-;;162.0;IT0000850;TCZP1047;zebra,110xi4300dpi;14J114000840;b2;stanowisko 1b;16888.0;0.0;16888.0;Pó∏roczny;100000.0;859009.0
2024-10-11 00:00:00.000;TCZP1086;IT0019465;INC20855067;Kalibracja;-;;574.0;IT0019465;TCZP1086;zebra,110xi3 plus 300dpi;91C08470294;b2;stanowisko 1b;32406.0;0.0;32406.0;Pó∏roczny;100000.0;783166.0
2024-10-15 00:00:00.000;TCZP2003;IT0000840;INC20887810;Wymiana glowicy;176528;;195.0;IT0000840;TCZP2003;xi4 300 dpi;14J132001174;b3;Dystrybucja;0.0;0.0;0.0;Pó∏roczny;100000.0;121536.0
2024-10-15 00:00:00.000;TCZP2001;IT0012719;INC20889166;Problem sieciowy;-;;447.0;IT0012719;TCZP2001;xi3 plus 300 dpi;91C08080877;b2;naprawy;1110.0;0.0;1110.0;Pó∏roczny;100000.0;50196.0
2024-10-03 00:00:00.000;TCZP1126;IT0038543;INC20743117;Kalibracja;n/d;;1033.0;IT0038543;TCZP1126;ttbp3;H422500011;b1;small;430.0;0.0;430.0;Pó∏roczny;100000.0;1888.0
2024-10-03 00:00:00.000;TCZP1149;IT0027031;INC20735127;Kalibracja;n/d;;985.0;IT0027031;TCZP1149;hellermann,600dpi;H520300009;b2;e/// oslo tl;89.0;0.0;89.0;Pó∏roczny;100000.0;749.0
2024-10-02 00:00:00.000;TCZP1194;IT0018879;INC20743395;Problem sieciowy;n/d;;;;;;;;;;;;;;
2024-10-02 00:00:00.000;TCZP2057;IT0021132;INC20742219;Problem sieciowy;n/d;problem dotyczy drukarek hellermann pod∏àczonych do switcha TCZTS-PROD-147;766.0;IT0021132;TCZP2057;hellermann,300dpi;H4194V200900040;b2;dzielenie 3;2132.0;0.0;2132.0;Pó∏roczny;100000.0;344418.0
2024-10-02 00:00:00.000;TCZP3160;IT0018550;INC20742197;Problem sieciowy;n/d;problem dotyczy drukarek hellermann podlaczonych do switcha TCZTS-prod-147;826.0;IT0018550;TCZP3160;cl-s631 300 dpi;JMGB018368;b2;kitting 4;30117.0;0.0;30117.0;Pó∏roczny;100000.0;276824.0
2024-09-29 00:00:00.000;TCZP3213;IT0023000;INC20639155;Problem sieciowy;n/d;;806.0;IT0023000;TCZP3213;hellermann,300dpi;H416AV200600045;b2;dzielenie 6;3026.0;0.0;3026.0;Pó∏roczny;100000.0;415392.0
2024-09-20 00:00:00.000;TCZP1244;IT0013894;INC20525895;Kalibracja;n/d;;468.0;IT0013894;TCZP1244;zebra,110xi4300dpi;14J161400253;b2;e// oslo pakowanie;22145.0;0.0;22145.0;Pó∏roczny;100000.0;117519.0
2024-09-09 00:00:00.000;...;IT0022957;INC20372282;Kalibracja;n/d;;;;;;;;;;;;;;
2024-09-09 00:00:00.000;TCZP2057;IT0021132;INC20372282;Kalibracja;n/d;;766.0;IT0021132;TCZP2057;hellermann,300dpi;H4194V200900040;b2;dzielenie 3;2132.0;0.0;2132.0;Pó∏roczny;100000.0;344418.0
2024-08-26 00:00:00.000;TCZP1057;IT0028006;INC20198788;Kalibracja;n/d;;912.0;IT0028006;TCZP1057;cl-s631;JMGB021679;b2;x ray;0.0;0.0;0.0;Pó∏roczny;100000.0;336.0
2024-08-21 00:00:00.000;TCZP1185;IT0027931;INC20142881;Kalibracja;n/d;;911.0;IT0027931;TCZP1185;ttbp6;H520500022;b3;sprue;5445.0;0.0;5445.0;Pó∏roczny;100000.0;420297.0
2024-10-17 00:00:00.000;TCZP3241;IT0038548;INC20845689;Problem sieciowy;;;1037.0;IT0038548;TCZP3241;ttbp3;H422500002;b1;small;540.0;0.0;540.0;Pó∏roczny;100000.0;2097.0
2024-10-17 00:00:00.000;TCZP4079;IT0038154;INC20892881;Problem z czujnikiem;;;1019.0;IT0038154;TCZP4079;cl-s631ii 300 dpi;JM632410017;b2;engineering modu∏y;63.0;0.0;63.0;Pó∏roczny;100000.0;11375.0
2024-10-17 00:00:00.000;TCZP4081;IT0038152;INC20892881;Problem z czujnikiem;;;1017.0;IT0038152;TCZP4081;cl-s631ii 300 dpi;JM632410024;b2;engineering modu∏y;182.0;0.0;182.0;Pó∏roczny;100000.0;327.0
2024-10-18 00:00:00.000;TCZP1218;IT0011935;INC20932307;Kalibracja;;;367.0;IT0011935;TCZP1218;zebra,110xi4600dpi;14j114300092;b2;stanowisko 1b;9394.0;0.0;9394.0;Pó∏roczny;100000.0;1932674.0
2024-10-18 00:00:00.000;TCZP1250;IT0013873;INC20932392;Kalibracja;;;460.0;IT0013873;TCZP1250;zebra,110xi4300dpi;14J160600078;b2;stanowisko 1a;9489.0;0.0;9489.0;Pó∏roczny;100000.0;179995.0
2024-10-18 00:00:00.000;TCZP3248;IT0024354;INC20968424;Kalibracja;n/d;;728.0;IT0024354;TCZP3248;hellermann,600dpi;H5196V200900009;b4;inspekcja wizualna;247.0;0.0;247.0;Pó∏roczny;100000.0;45550.0
2024-10-19 00:00:00.000;TCZP3159;IT0024352;TPM;Czyszczenie;;;849.0;IT0024352;TCZP3159;bp1300i;H420C00075;b2;dzielenie 4;0.0;0.0;0.0;Pó∏roczny;100000.0;9027.0
2024-10-19 00:00:00.000;TCZP1028;IT0004133;INC20980997;Kalibracja;-;;68.0;IT0004133;TCZP1028;110xi4 300 dpi;14J110200110;b2;pakowanie;15350.0;0.0;15350.0;Pó∏roczny;100000.0;1652631.0
2024-10-21 00:00:00.000;TCZP1057;IT0028006;INC20998487;Kalibracja;n/d;Kalibracja rozwiàza∏a problem z drukowaniem;912.0;IT0028006;TCZP1057;cl-s631;JMGB021679;b2;x ray;0.0;0.0;0.0;Pó∏roczny;100000.0;336.0
2024-10-21 00:00:00.000;TCZP1213;IT0009272;INC20998452;Kalibracja;n/d;Kalibracja rozwiàza∏a problem;359.0;IT0009272;TCZP1213;zebra,110xi4300dpi;14J150900503;b2;full kitting 4;777.0;0.0;777.0;Pó∏roczny;100000.0;312996.0
2024-10-21 00:00:00.000;TCZP4095;IT0038585;TASK5791630;Kalibracja;n/d;kalobracja, reset do defaulta, wypozycjonowanie;1029.0;IT0038585;TCZP4095;ttbp3;H422500005;b1;tyee;625.0;0.0;625.0;Pó∏roczny;100000.0;708.0
2024-10-22 00:00:00.000;TCZP3153;IT0025047;INC21009631;.Nie jestem w stanie wybraç odpowiedniej kategorii;n/d;kalibracja i usuni´cie nawini´tych naklejek z wa∏ka;860.0;IT0025047;TCZP3153;hellermann300dpi;H420C00077;b1;stanowisko ims kolo pem;35908.0;0.0;35908.0;Pó∏roczny;100000.0;192675.0
2024-10-22 00:00:00.000;TCZP1189;IT0018872;INC20969548;Problem sieciowy;n/d;;560.0;IT0018872;TCZP1189;hellermann,600dpi;H5178V200700013;b3;sqa;90.0;0.0;90.0;Pó∏roczny;100000.0;1092477.0
2024-10-22 00:00:00.000;TCZP1144;IT0036599;INC21015716;Kalibracja;n/d;By∏o za du˝o kalki chyba i nie równo roz∏o˝one dociski.;946.0;IT0036599;TCZP1144;zebra110xiiiiplus;91c08420054;b1;centrumpakowania;520.0;0.0;520.0;Pó∏roczny;100000.0;14288.0
2024-10-22 00:00:00.000;TCZP1218;IT0011935;INC21014749;Kalibracja;n/d;Skalibrowano media and ribbon;367.0;IT0011935;TCZP1218;zebra,110xi4600dpi;14j114300092;b2;stanowisko 1b;9394.0;0.0;9394.0;Pó∏roczny;100000.0;1932674.0
2024-10-21 00:00:00.000;TCZP3203;IT0024174;TASK5791850;Kalibracja;n/d;weryfikacja, zmiana darkness i speed, kalibracja, reset do defaulta, ponowna kalibracja i wypozycjonowanie nadruku;820.0;IT0024174;TCZP3203;hellermann600dpi;H5196V200900011;b2;taygeta;373.0;0.0;373.0;Pó∏roczny;100000.0;2983.0
2024-10-24 00:00:00.000;TCZP1025;IT0036572;INC21038968;Kalibracja;n/d;weryfikacja problemu, wydruki testowe, poprawne na∏o˝enie taÊmy z naklejkami, ponowne wydruki, zdj´cie nadmiaru zuzytej kalki, wydruki testowe, odkr´cenie wygi´tej blaszki przy g∏owicy, wydruki testowe;977.0;IT0036572;TCZP1025;zebra,110xi4300dpi;14J142500573;b2;pakowanie;6500.0;0.0;6500.0;Pó∏roczny;100000.0;39246.0
2024-10-16 00:00:00.000;TCZP2056;IT0013791;INC20920988;Wymiana glowicy;176634 ;Drukarka sie zagrzala, byla goraca i smierdziala plastikiem. Prawdopodobnie spowodowane umyciem glowicy plynem esd przez operatra. Pozniej nie wykrywalo zianstalowanej glowicy.;;;;;;;;;;;;;
2024-10-24 00:00:00.000;TCZP1023;IT0005223;INC21022031;.Nie jestem w stanie wybraç odpowiedniej kategorii;-;Reset defaults ustawieƒ, restart drukarki;338.0;IT0005223;TCZP1023;zebraz4mplus,300dpi;02C07281327;b1;przy maszynie fa0255 a;567.0;0.0;567.0;Pó∏roczny;100000.0;10453.0
2024-10-24 00:00:00.000;TCZP3210;IT0038545;INC21028216;.Nie jestem w stanie wybraç odpowiedniej kategorii;-;Reset defaults ustawien, restart;1035.0;IT0038545;TCZP3210;ttbp3;H422500007;b1;small;430.0;0.0;430.0;Pó∏roczny;100000.0;1718.0
2024-10-24 00:00:00.000;TCZP1126;IT0038543;INC21028216;.Nie jestem w stanie wybraç odpowiedniej kategorii;-;reset defaults ustawien, restart;1033.0;IT0038543;TCZP1126;ttbp3;H422500011;b1;small;430.0;0.0;430.0;Pó∏roczny;100000.0;1888.0
2024-10-24 00:00:00.000;TCZQ0082;IT0037738;INC21042293;.Nie jestem w stanie wybraç odpowiedniej kategorii;-;Problem z sesja w IB;1008.0;IT0037738;TCZQ0082;zq630;XXZVJ234202484;b3;magazyn mech;12238.0;0.0;12238.0;Pó∏roczny;100000.0;61325.0
2024-10-24 00:00:00.000;TCZQ0083;IT0037737;INC21042293;.Nie jestem w stanie wybraç odpowiedniej kategorii;-;Problem z sesja w IB;1007.0;IT0037737;TCZQ0083;zq630;XXZVJ234202487;b3;magazyn mech;7830.0;0.0;7830.0;Pó∏roczny;100000.0;73728.0
2024-10-24 00:00:00.000;TCZQ0084;IT0037663;INC21042293;.Nie jestem w stanie wybraç odpowiedniej kategorii;-;Problem z sesja w IB;1004.0;IT0037663;TCZQ0084;zq630 plus;XXZVJ232703139;b1;magazyn mech;7186.0;0.0;7186.0;Pó∏roczny;100000.0;38025.0
2024-10-27 00:00:00.000;TCZP1177;IT0011927;INC21051604;.Nie jestem w stanie wybraç odpowiedniej kategorii;n/d;;;;;;;;;;;;;;
2024-10-29 00:00:00.000;TCZP4088;IT0038156;INC21097522;Kalibracja;n/d;G∏owica nie dociska∏a naklejek, problemem by∏ wa∏ek który zosta∏ wyj´ty z miejsca i nie w∏o˝ony odpowiednio;1021.0;IT0038156;TCZP4088;cl-s631ii 300 dpi;JM632410009;b2;e/// air linia 1;70.0;0.0;70.0;Pó∏roczny;100000.0;10991.0
2024-10-30 00:00:00.000;TCZP3249;IT0017495;INC21110073;Kalibracja;n/d;;959.0;IT0017495;TCZP3249;ttbp6 600 dpi;H520200031;b1;tyee zoid rack bis;5002.0;;5002.0;Pó∏roczny;100000.0;5002.0
2024-10-30 00:00:00.000;TCZP1177;IT0011927;INC21116653;.Nie jestem w stanie wybraç odpowiedniej kategorii;n/d;;;;;;;;;;;;;;
2024-10-30 00:00:00.000;TCZP1218;IT0011935;INC21119336;Wymiana mediow;n/d;;367.0;IT0011935;TCZP1218;zebra,110xi4600dpi;14j114300092;b2;stanowisko 1b;9394.0;0.0;9394.0;Pó∏roczny;100000.0;1932674.0
2024-10-31 00:00:00.000;TCZQ0083;IT0037737;INC21111506;Problem sieciowy;n/d;;1007.0;IT0037737;TCZQ0083;zq630;XXZVJ234202487;b3;magazyn mech;7830.0;0.0;7830.0;Pó∏roczny;100000.0;73728.0
2024-10-31 00:00:00.000;TCZP3164;IT0017496;INC21122615;Kalibracja;n/d;;821.0;IT0017496;TCZP3164;hellermann600dpi;H5197V200900004;b1;zoid shelf;2912.0;0.0;2912.0;Pó∏roczny;100000.0;42539.0
2024-10-31 00:00:00.000;TCZQ0083;IT0037737;TPM;Kalibracja;;;1007.0;IT0037737;TCZQ0083;zq630;XXZVJ234202487;b3;magazyn mech;7830.0;0.0;7830.0;Pó∏roczny;100000.0;73728.0
2024-10-23 00:00:00.000;TCZP1194;IT0024850;INC21033668;.Nie jestem w stanie wybraç odpowiedniej kategorii;n/d;Drukarka jest po wymianie p∏yty g∏ównej i nie trzyma znów ustawieƒ. Podmieni∏em bateri´, ale nic to nie da∏o.;886.0;IT0024850;TCZP1194;hellermann,600dpi;H520300012;b4;cba#200_1;5822.0;0.0;5822.0;Pó∏roczny;100000.0;24834.0
2024-11-04 00:00:00.000;TCZP1194;IT0018879;INC21164739;Kalibracja;n/d;;;;;;;;;;;;;;
2024-11-04 00:00:00.000;TCZP1150;IT0025867;INC21164710;Kalibracja;n/d;;;;;;;;;;;;;;
2024-11-04 00:00:00.000;TCZP4088;IT0038156;INC21167133;Kalibracja;n/d;;1021.0;IT0038156;TCZP4088;cl-s631ii 300 dpi;JM632410009;b2;e/// air linia 1;70.0;0.0;70.0;Pó∏roczny;100000.0;10991.0
2024-11-05 00:00:00.000;TCZP3227;IT0023153;INC21176992;Kalibracja;n/d;;811.0;IT0023153;TCZP3227;hellermann,300dpi;H4175V200600020;b2;weryfikacja koncówek;259.0;0.0;259.0;Pó∏roczny;100000.0;652934.0
2024-11-05 00:00:00.000;TCZP1086;IT0019465;INC21183663;Kalibracja;n/d;reset do defaulta, kalibracja, wypozycjonowanie nadruku;574.0;IT0019465;TCZP1086;zebra,110xi3 plus 300dpi;91C08470294;b2;stanowisko 1b;32406.0;0.0;32406.0;Pó∏roczny;100000.0;783166.0
2024-11-05 00:00:00.000;TCZP3222;IT0023140;INC21184974;Kalibracja;n/d;weryfikacja problemu, reset do defaulta, kalibracja, wypozycjonowanie nadruku, zmiana docisków;840.0;IT0023140;TCZP3222;ttbp6 600pi;H5196V200900006;b2;laminaty;2084.0;0.0;2084.0;Pó∏roczny;100000.0;60618.0
2024-11-06 00:00:00.000;TCZP1187;IT0002264;INC21193346;Kalibracja;n/d;;275.0;IT0002264;TCZP1187;110xi4  300 dpi;80J101100299;b2;dry box;0.0;0.0;0.0;Pó∏roczny;100000.0;764144.0
2024-11-06 00:00:00.000;TCZP2057;IT0021132;INC21191304;Problem sieciowy;-;reset defaults usawien, wczyszczenie pamieci drukarki;766.0;IT0021132;TCZP2057;hellermann,300dpi;H4194V200900040;b2;dzielenie 3;2132.0;0.0;2132.0;Pó∏roczny;100000.0;344418.0
2024-11-06 00:00:00.000;TCZP3248;IT0024354;INC21205468;Wymiana mediow;n/d;;728.0;IT0024354;TCZP3248;hellermann,600dpi;H5196V200900009;b4;inspekcja wizualna;247.0;0.0;247.0;Pó∏roczny;100000.0;45550.0
2024-11-07 00:00:00.000;TCZP1177;IT0011927;INC21140550;.Nie jestem w stanie wybraç odpowiedniej kategorii;n/d;;;;;;;;;;;;;;
2024-11-07 00:00:00.000;TCZP0027;IT0002132;INC21140550;Kalibracja;n/d;Drukarka ma zyzytà g∏owic´. Nalezy zakupiç nowà drukark´ mobilnà w zamian za obecnà;615.0;IT0002132;TCZP0027;laser jet 600 m602;CNCVG1V1MR;b2;sprue fa tl;;;0.0;Pó∏roczny;100000.0;
2024-11-07 00:00:00.000;TCZP3190;IT0037291;INC21186677;Kalibracja;n/d;;;;;;;;;;;;;;
2024-11-07 00:00:00.000;TCZP1041;IT0002824;INC21202402;Kalibracja;n/d;;302.0;IT0002824;TCZP1041;zebra,110xi4,300dpi;14j111300021;b3;stanowisko 3;34672.0;0.0;34672.0;Pó∏roczny;100000.0;1757575.0
2024-11-07 00:00:00.000;TCZP1185;IT0027931;INC21210614;Kalibracja;n/d;;911.0;IT0027931;TCZP1185;ttbp6;H520500022;b3;sprue;5445.0;0.0;5445.0;Pó∏roczny;100000.0;420297.0
2024-11-07 00:00:00.000;TCZP1164;IT0020296;INC21201134;Kalibracja;;;979.0;IT0020296;TCZP1164;hellermannttbp6;H5183V200700031;b2;naprawy e///;1529.0;0.0;1529.0;Pó∏roczny;100000.0;3131.0
2024-11-07 00:00:00.000;TCZP3248;IT0024354;INC21214416;Wymiana mediow;;;728.0;IT0024354;TCZP3248;hellermann,600dpi;H5196V200900009;b4;inspekcja wizualna;247.0;0.0;247.0;Pó∏roczny;100000.0;45550.0
2024-11-08 00:00:00.000;TCZP1086;IT0019465;INC21223211;Kalibracja;n/d;;574.0;IT0019465;TCZP1086;zebra,110xi3 plus 300dpi;91C08470294;b2;stanowisko 1b;32406.0;0.0;32406.0;Pó∏roczny;100000.0;783166.0
2024-11-12 00:00:00.000;TCZP1086;IT0019465;INC21276988;Kalibracja;n/d;Kalka by∏a êle zalo˝ona. Poinformowano operatora o b∏´dzie.;574.0;IT0019465;TCZP1086;zebra,110xi3 plus 300dpi;91C08470294;b2;stanowisko 1b;32406.0;0.0;32406.0;Pó∏roczny;100000.0;783166.0
2024-11-12 00:00:00.000;TCZP1163;IT0003690;INC21256660;Kalibracja;n/d;Drukarka chyba ma problem z trzymaniem ustawieƒ, ale nie zdà˝y∏em zweryfikowaç. Po defaultcie drukuje troch´ lepiej, jednak dalej im nie pasuje;318.0;IT0003690;TCZP1163;zebrazm4plus;02C04410799;b1;narzedziownia,fa-0321;8543.0;0.0;8543.0;Pó∏roczny;100000.0;21034.0
2024-11-18 00:00:00.000;TCZP3203;IT0024174;INC21284372;.Nie jestem w stanie wybraç odpowiedniej kategorii;-;Demonta˝ frontu drukarki od rewindera. Zmiana prarametrów Tear- Off, zmiana offsetów, Kalibracja ;820.0;IT0024174;TCZP3203;hellermann600dpi;H5196V200900011;b2;taygeta;373.0;0.0;373.0;Pó∏roczny;100000.0;2983.0
2024-11-19 00:00:00.000;TCZP3170;IT0028325;INC21293613;Kalibracja;n/d;Drukarka robi dziwne niedodruki w okolicach kraw´dzi drukowanego obszaru. Pomog∏o zwi´kszenie darknessu, jednak dalej nie jest idealnie.;923.0;IT0028325;TCZP3170;citizencl-s631ii;JM632260485;b2;kitting 5;88776.0;0.0;88776.0;Pó∏roczny;100000.0;746316.0
2024-11-21 00:00:00.000;TCZP1225;IT0014592;INC21361341;Kalibracja;n/d;kalibracja, wypozycjonowanie nadruku, ustawienie odpowiedniego poziomu darkness;473.0;IT0014592;TCZP1225;zebra,110xi4600dpi;14J163000311;b2;wózek wyjasnien;104.0;0.0;104.0;Pó∏roczny;100000.0;116228.0
2024-11-21 00:00:00.000;TCZP2042;IT0014591;TASK5822753;Kalibracja;n/d;Skalibrowanie drukarki rozwiàza∏o problem;475.0;IT0014591;TCZP2042;zebra,110xi4,300dpi;14J162000035;b3bis;supportwhtl7943stanowisko1;9088.0;0.0;9088.0;Pó∏roczny;100000.0;56606.0
2024-11-22 00:00:00.000;TCZP3244 ;IT0024204;INC21400172;Kalibracja;n/d;Z∏e po∏o˝enie czujnika;727.0;IT0024204;TCZP3244;hellermann,600dpi;H5196V200900010;b4;inspekcja wizualna;1619.0;0.0;1619.0;Pó∏roczny;100000.0;41532.0
2024-11-28 00:00:00.000;TCZP3168;IT0003422;INC21471147;Wymiana glowicy;178176;;304.0;IT0003422;TCZP3168;zebra,110xi4300dpi;14J132900479;b2;kitting 2;0.0;0.0;0.0;Pó∏roczny;100000.0;605970.0
2024-11-28 00:00:00.000;TCZP3186;IT0002771;INC21441000;Czyszczenie;-;Czyszczenie g∏owicy, zmiana darkness, speed ;295.0;IT0002771;TCZP3186;zebra,110xi4,300dpi;80J101100302;b3;stanowisko 7;8549.0;0.0;8549.0;Pó∏roczny;100000.0;240801.0
2024-12-03 00:00:00.000;TCZP1082;IT0012260;INC21521029;.Nie jestem w stanie wybraç odpowiedniej kategorii;n/d;problemem by∏o u˝ywanie niew∏aÊciwej stacji FF;416.0;IT0012260;TCZP1082;110xi4-600dpi;14J132600393;b2;sprue pakowanie 3;39851.0;0.0;39851.0;Pó∏roczny;100000.0;1181058.0
2024-12-04 00:00:00.000;TCZP1120;IT0013896;INC21540616;Kalibracja;n/d;problem z mediami - pomog∏a kalibracja. Potem pojawi∏ sie problem z brakujàcyn numerem pod barcodem - tutaj pomóg∏ reset do defaulta.;465.0;IT0013896;TCZP1120;zebra,110xi4300dpi;14J161400256;b2;stanowisko 1b;23480.0;0.0;23480.0;Pó∏roczny;100000.0;692179.0
2024-12-04 00:00:00.000;TCZP2082;IT0000665;INC21529668;.Nie jestem w stanie wybraç odpowiedniej kategorii;-;Problem z by∏ zwiàzany z konfiguracja  drukarki w baanie;377.0;IT0000665;TCZP2082;zebra,110xi4300dpi;14J103800190;b2;dzielenie 6;0.0;0.0;0.0;Pó∏roczny;100000.0;336493.0
2024-12-04 00:00:00.000;TCZP1018;IT0036600;INC21532835;Kalibracja;-;Zmiana pozycji i si∏y docisków, usuniecie przyklejonych  etykiet z wa∏ka, reset default, zmiana darkness;945.0;IT0036600;TCZP1018;110xi4 300dpi;14J112200147;b1;centrumpakowania;733.0;0.0;733.0;Pó∏roczny;100000.0;8386.0
2024-12-04 00:00:00.000;TCZP1173;IT0013365;INC21528139;Wymiana mediow;-;wymiana kalki na poprawny item, czyszczenie g∏owicy, zmiana offsetów i tear off;453.0;IT0013365;TCZP1173;zebra,110xi4,300dpi;14J151201098;b1;polewejstronienakoncu;8934.0;0.0;8934.0;Pó∏roczny;100000.0;83775.0
2024-12-04 00:00:00.000;TCZP1181;IT0036575;INC21541811;Wymiana glowicy;178334;wymiana g∏owicy, kalibracja;988.0;IT0036575;TCZP1181;zebra,110xi4600dpi;14J141200991;b2;st10pakowanie2;29583.0;0.0;29583.0;Pó∏roczny;100000.0;240665.0
2024-12-04 00:00:00.000;TCZP2006;IT0012405;inc21485209;Czyszczenie;;;989.0;IT0012405;TCZP2006;zebra,110xi4300dpi;14J133400079;b2;stanowisko4;0.0;0.0;0.0;Pó∏roczny;100000.0;0.0
2024-12-05 00:00:00.000;tczp1112;IT0003632;INC21557637;Kalibracja;n/d;;316.0;IT0003632;tczp1112;110xi4 600dpi;14J130300688;b2;dzielenie 4;5.0;0.0;5.0;Pó∏roczny;100000.0;90644.0
2024-12-09 00:00:00.000;TCZP1194;IT0024850;INC21033668;Kalibracja;;;886.0;IT0024850;TCZP1194;hellermann,600dpi;H520300012;b4;cba#200_1;5822.0;0.0;5822.0;Pó∏roczny;100000.0;24834.0
2024-12-09 00:00:00.000;TCZP1194;IT0024850;INC21593441;Kalibracja;;;886.0;IT0024850;TCZP1194;hellermann,600dpi;H520300012;b4;cba#200_1;5822.0;0.0;5822.0;Pó∏roczny;100000.0;24834.0
2024-12-11 00:00:00.000;TCZP1182;IT0023337;INC21623348;.Nie jestem w stanie wybraç odpowiedniej kategorii;-;Reset default ustawieƒ drukarki;844.0;IT0023337;TCZP1182;hellermann,300dpi;H420900006;b4;pakowanie;3427.0;0.0;3427.0;Pó∏roczny;100000.0;13749.0
2024-12-13 00:00:00.000;TCZP2057;IT0021132;INC21651796;Problem sieciowy;n/d;wymiana p∏yty g∏ównej;766.0;IT0021132;TCZP2057;hellermann,300dpi;H4194V200900040;b2;dzielenie 3;2132.0;0.0;2132.0;Pó∏roczny;100000.0;344418.0
2024-12-14 00:00:00.000;TCZP1088;IT0018390;INC21655920;Kalibracja;;;553.0;IT0018390;TCZP1088;zebra,110xi4600dpi;14J180900031;b2;miernik 2;23021.0;0.0;23021.0;Pó∏roczny;100000.0;859998.0
2024-12-17 00:00:00.000;TCZP1194;IT0024850;INC21688598;Kalibracja;;;886.0;IT0024850;TCZP1194;hellermann,600dpi;H520300012;b4;cba#200_1;5822.0;0.0;5822.0;Pó∏roczny;100000.0;24834.0
2024-12-18 00:00:00.000;TCZP1088;IT0018390;INC21705230;Kalibracja;n/d;Ustawienie docisków i darknessu. Rwa∏o kalk´;553.0;IT0018390;TCZP1088;zebra,110xi4600dpi;14J180900031;b2;miernik 2;23021.0;0.0;23021.0;Pó∏roczny;100000.0;859998.0
2024-12-20 00:00:00.000;TCZP1198;IT0018871;INC21677879;Kalibracja;N/D;Skalibrowanie drukarki;561.0;IT0018871;TCZP1198;hellermann,600dpi;H5178V200700012;b2;olsudystrybutor;0.0;0.0;0.0;Pó∏roczny;100000.0;1955171.0
2024-12-20 00:00:00.000;TCZP1054;IT0018539;INC21732999;Kalibracja;-;zmiana pozycji docisków, si∏y docisków, zmiana darkness;554.0;IT0018539;TCZP1054;zebra,110xi4300dpi;14J153000048;b2;montaz 2.2;13344.0;0.0;13344.0;Pó∏roczny;100000.0;61521.0
2024-12-23 00:00:00.000;TCZP3179;IT0018041;Inwentaryzacja;Wymiana glowicy;178946;Wymiana g∏owicy;520.0;IT0018041;TCZP3179;zebra,110xi4,300dpi;14J171400076;b4;s3 pallet pack;2173.0;0.0;2173.0;Pó∏roczny;100000.0;385623.0
2025-01-02 00:00:00.000;TCZP1088;IT0018390;INC21869209;Czyszczenie;n/d;czyszczenie czujnika obecnosci papieru;553.0;IT0018390;TCZP1088;zebra,110xi4600dpi;14J180900031;b2;miernik 2;23021.0;0.0;23021.0;Pó∏roczny;100000.0;859998.0
2025-01-07 00:00:00.000;TCZP1194;IT0024850;INC21932901;Kalibracja;n/d;Drukarka po restarcie nie trzyma ustawieƒ.;886.0;IT0024850;TCZP1194;hellermann,600dpi;H520300012;b4;cba#200_1;5822.0;0.0;5822.0;Pó∏roczny;100000.0;24834.0
2025-01-07 00:00:00.000;TCZP4056;IT0023176;INC21933757;Kalibracja;n/d;zwi´kszenie docisków i kalibracja;814.0;IT0023176;TCZP4056;bp 1600i;H518CV200900082;b4;huddly;3074.0;0.0;3074.0;Pó∏roczny;100000.0;15839.0
2025-01-07 00:00:00.000;TCZP1185;IT0027931;INC21933252;Kalibracja;n/d;Poprawa mediów po za∏o˝eniu przez brygadzist´.;911.0;IT0027931;TCZP1185;ttbp6;H520500022;b3;sprue;5445.0;0.0;5445.0;Pó∏roczny;100000.0;420297.0
2025-01-07 00:00:00.000;TCZP1088;IT0018390;INC21933458;Kalibracja;n/d;Zmieniono ustawienia konwersji formatu;553.0;IT0018390;TCZP1088;zebra,110xi4600dpi;14J180900031;b2;miernik 2;23021.0;0.0;23021.0;Pó∏roczny;100000.0;859998.0
2025-01-07 00:00:00.000;TCZP3225;IT0036370;INC21932596;Kalibracja;n/d;èle za∏o˝one media;936.0;IT0036370;TCZP3225;ttbp6;H521100080;b2;dystrybutor supermarketu;16196.0;0.0;16196.0;Pó∏roczny;100000.0;46648.0
2025-01-08 00:00:00.000;TCZP3160;IT0018550;INC21954263;Problem sieciowy;n/d;;826.0;IT0018550;TCZP3160;cl-s631 300 dpi;JMGB018368;b2;kitting 4;30117.0;0.0;30117.0;Pó∏roczny;100000.0;276824.0
2025-01-09 00:00:00.000;TCZP1192;IT0024780;INC21966270;Problem sieciowy;-;clean memory printer, reset default, restart drukarki ;863.0;IT0024780;TCZP1192;hellermann,600dpi;H520300034;b4;tl;1676.0;0.0;1676.0;Pó∏roczny;100000.0;102789.0
2025-01-09 00:00:00.000;TCZP1170;IT0037030;INC21965962;Wymiana mediow;-;poprawne za∏o˝enie etykiet, reset default ustawieƒ;993.0;IT0037030;TCZP1170;bp1300i;H422100005;b3;b3 sortowanie;2238.0;0.0;2238.0;Pó∏roczny;100000.0;6886.0
2025-01-13 00:00:00.000;TCZP1045;IT0036573;INC22003362;Kalibracja;n/d;kalibracja, poprawa u∏o˝enia kalki, wypozycjonowanie nadruku;978.0;IT0036573;TCZP1045;zebra,110xi4600dpi;14J151201244;b2;rox;1164.0;0.0;1164.0;Pó∏roczny;100000.0;42807.0
2025-01-14 00:00:00.000;TCZP1169;IT0036577;INC22015019;Kalibracja;n/d;Drukarka drukowala uciete naklejki. Defautl pomog∏;980.0;IT0036577;TCZP1169;hellermann,600dpi;H5183V200700020;b2;sanowisko5.1;9363.0;0.0;9363.0;Pó∏roczny;100000.0;131121.0
2025-01-14 00:00:00.000;TCZP1030;IT0002779;INC22012660;Wymiana glowicy;179246;Robi∏y si´ paski, kody nie skanowa∏y, wi´c wymieni∏em g∏owic´;296.0;IT0002779;TCZP1030;zebra,110xi3,300dpi;91C07360053;b3;stanowisko 5;0.0;0.0;0.0;Pó∏roczny;100000.0;330878.0
2025-01-14 00:00:00.000;TCZP1212;IT0025877;INC22016397;Problem sieciowy;;;891.0;IT0025877;TCZP1212;ttbp6 600dpi;H520200039;b4;flierpacking;608.0;0.0;608.0;Pó∏roczny;100000.0;2649.0
2025-01-14 00:00:00.000;TCZP1169;IT0036577;INC22017882;Wymiana glowicy;179261;;980.0;IT0036577;TCZP1169;hellermann,600dpi;H5183V200700020;b2;sanowisko5.1;9363.0;0.0;9363.0;Pó∏roczny;100000.0;131121.0
2025-01-16 00:00:00.000;TCZP1235;IT0003786;INC22044473;Kalibracja;n/d;;326.0;IT0003786;TCZP1235;zebra,110xi3plus600dpi;91C05490186;b2;pakowaniepam;4084.0;0.0;4084.0;Pó∏roczny;100000.0;904215.0
2025-01-17 00:00:00.000;TCZP1087;IT0002282;INC22055084;.Nie jestem w stanie wybraç odpowiedniej kategorii;-;brak zasilania;280.0;IT0002282;TCZP1087;zebra,110xi4300dpi;14J142500566;b2;kiting 3;4904.0;0.0;4904.0;Pó∏roczny;100000.0;200028.0
2025-01-17 00:00:00.000;TCZP1076;IT0036456;INC22060441;Kalibracja;n/d;;942.0;IT0036456;TCZP1076;110xi4 600dpi;14J180900024;b4;axis;4606.0;0.0;4606.0;Pó∏roczny;100000.0;6874.0
2025-01-17 00:00:00.000;TCZP3151;IT0021327;INC22016502;Kalibracja;;;769.0;IT0021327;TCZP3151;hellermann300dpi;H4194V200900019;b1;stanowiskoims;17960.0;0.0;17960.0;Pó∏roczny;100000.0;191927.0
2025-01-20 00:00:00.000;TCZP1082;IT0012260;INC22086604;Kalibracja;N/D;Kalibracja ;416.0;IT0012260;TCZP1082;110xi4-600dpi;14J132600393;b2;sprue pakowanie 3;39851.0;0.0;39851.0;Pó∏roczny;100000.0;1181058.0
2025-01-20 00:00:00.000;TCZP1174;IT0007520;IT0007520;Kalibracja;N/D;kalibracja;343.0;IT0007520;TCZP1174;zebra,110xi4300dpi;14j150500691;b2;stanowisko 1a;22116.0;0.0;22116.0;Pó∏roczny;100000.0;807456.0
2025-01-21 00:00:00.000;TCZP1022;IT0003691;INC22086489;Kalibracja;-;zmiana darkness, pozycji docików, wyprosowanie maskownicy g∏owicy;221.0;IT0003691;TCZP1022;zebra,110xi4,300dpi;14J112700681;b1;przymaszyniefa-109;5184.0;0.0;5184.0;Pó∏roczny;100000.0;63897.0
2025-01-22 00:00:00.000;TCZP1194;IT0024850;INC22112329;Kalibracja;n/d;Drukarka dalej nie trzyma ustawieƒ, ustawiono IP i skalibrowano;886.0;IT0024850;TCZP1194;hellermann,600dpi;H520300012;b4;cba#200_1;5822.0;0.0;5822.0;Pó∏roczny;100000.0;24834.0
2025-01-22 00:00:00.000;TCZP1062;IT0021112;INC22112609;Kalibracja;;;764.0;IT0021112;TCZP1062;ttbp3 (bp1300i);H4194V200900024;b2;miernik 1;46860.0;0.0;46860.0;Pó∏roczny;100000.0;106229.0
2025-01-22 00:00:00.000;TCZP1223;IT0012410;INC22112402;Kalibracja;n/d;Poprawa mediów, lekkie przeczyszczenie drukarki;438.0;IT0012410;TCZP1223;zebra,110xi4600dpi;14J153200523;b2;pakowanie4.5;1265.0;0.0;1265.0;Pó∏roczny;100000.0;316445.0
2025-01-23 00:00:00.000;TCZP1190;IT0018099;INC22137473;Czyszczenie;n/d;Nieprawid∏owo za∏o˝one media. Przeczyszczono zalegajàce naklejki i za∏o˝ono media poprawnie.;529.0;IT0018099;TCZP1190;zebra,110xi4600dpi;14J172100777;b2;nakoncu;33.0;0.0;33.0;Pó∏roczny;100000.0;3341.0
2025-01-23 00:00:00.000;TCZP1214;IT0020344;INC22112372;Kalibracja;n/d;Drukarka coÊ zamuli∏a;732.0;IT0020344;TCZP1214;hellermann,600dpi;H5178V200700009;b4;shearwater;81314.0;0.0;81314.0;Pó∏roczny;100000.0;477000.0
2025-01-24 00:00:00.000;TCZP1143;IT0003178;INC22150095;Wymiana glowicy;179670;Wymiana g∏owicy, kalibracja, zmiana offsetów;308.0;IT0003178;TCZP1143;zebra,110xi4300dpi;14J140200430;b2;kitting 2;384.0;0.0;384.0;Pó∏roczny;100000.0;383904.0
2025-01-24 00:00:00.000;TCZP1213;IT0009272;INC22150095;Wymiana glowicy;179671;Wymiana g∏owicy, kalibracja, zmiana offsetów;359.0;IT0009272;TCZP1213;zebra,110xi4300dpi;14J150900503;b2;full kitting 4;777.0;0.0;777.0;Pó∏roczny;100000.0;312996.0
2025-01-24 00:00:00.000;TCZP1222;IT0012019;INC22150095;Czyszczenie;-;wyczyszczenie g∏owicy, zmiana darkness, kalibracja, zmiana offsetów;410.0;IT0012019;TCZP1222;zebra,110xi4300dpi;14J151100735;b2;kitting 6;440.0;0.0;440.0;Pó∏roczny;100000.0;224419.0
2025-01-24 00:00:00.000;TCZP1180;IT0011903;INC22150095;Czyszczenie;-;Czyszczenie g∏owicy, kalibracja, zmiana darkness, zmiana offsetów;376.0;IT0011903;TCZP1180;zebra,110xi4600dpi;14J114000841;b2;kitting 1;1193.0;0.0;1193.0;Pó∏roczny;100000.0;944212.0
2025-01-27 00:00:00.000;TCZP1062;IT0021112;INC22176163;Kalibracja;n/d;;764.0;IT0021112;TCZP1062;ttbp3 (bp1300i);H4194V200900024;b2;miernik 1;46860.0;0.0;46860.0;Pó∏roczny;100000.0;106229.0
2025-01-27 00:00:00.000;TCZP3151;IT0021327;INC22150300;Kalibracja;n/d;;769.0;IT0021327;TCZP3151;hellermann300dpi;H4194V200900019;b1;stanowiskoims;17960.0;0.0;17960.0;Pó∏roczny;100000.0;191927.0
2025-01-30 00:00:00.000;TCZP1054;IT0018539;INC22212074;Kalibracja;n/d;;554.0;IT0018539;TCZP1054;zebra,110xi4300dpi;14J153000048;b2;montaz 2.2;13344.0;0.0;13344.0;Pó∏roczny;100000.0;61521.0
2025-01-30 00:00:00.000;TCZP1153;IT0004778;INC22214059;Czyszczenie;;;156.0;IT0004778;TCZP1153;zebra,110xi4600dpi;14j132700920;b2;stanowisko 1b;16916.0;0.0;16916.0;Pó∏roczny;100000.0;1476990.0
2025-01-30 00:00:00.000;TCZP1218;IT0011935;INC22214466;Kalibracja;;;367.0;IT0011935;TCZP1218;zebra,110xi4600dpi;14j114300092;b2;stanowisko 1b;9394.0;0.0;9394.0;Pó∏roczny;100000.0;1932674.0
2025-02-01 00:00:00.000;TCZP1056;IT0028324;INC22232812;Kalibracja;n/d;kalibracja pomog∏a z p∏ywajàcym wydrukiem;922.0;IT0028324;TCZP1056;citizencl-s631ii;JM632260487;b2;dry box;2438.0;0.0;2438.0;Pó∏roczny;100000.0;57878.0
2025-02-03 00:00:00.000;TCZP2051;IT0002777;INC22189017;Wymiana glowicy;179953;;138.0;IT0002777;TCZP2051;zebra,110xi4,300dpi;14J111400194;b3;stanowisko6;0.0;0.0;0.0;Pó∏roczny;100000.0;185241.0
2025-02-03 00:00:00.000;TCZP1241;IT0009394;TASK5907025;Czyszczenie;Czyszczenie;;425.0;IT0009394;TCZP1241;zebra,110xi4,300dpi;14J151201087;b3;stara jabra shipping;5969.0;0.0;5969.0;Pó∏roczny;100000.0;111026.0
2025-02-04 00:00:00.000;TCZP3151;IT0021327;INC22266689;Kalibracja;brak;;769.0;IT0021327;TCZP3151;hellermann300dpi;H4194V200900019;b1;stanowiskoims;17960.0;0.0;17960.0;Pó∏roczny;100000.0;191927.0
2025-02-05 00:00:00.000;TCZP1067;IT0028249;INC22283779;Czyszczenie;n/d;czyszczenie g∏owicy rozwiàza∏o problem z niedodrukami;917.0;IT0028249;TCZP1067;hellermann bp bp1300i;H421600076;b2;workshop;43856.0;0.0;43856.0;Pó∏roczny;100000.0;43856.0
2025-02-07 00:00:00.000;TCZP1214;IT0020344;INC22325972;Czyszczenie;n/d;Wyczyszczenie czujników, poprawienie mediów, za∏o˝enie rolki, kalibracja ;732.0;IT0020344;TCZP1214;hellermann,600dpi;H5178V200700009;b4;shearwater;81314.0;0.0;81314.0;Pó∏roczny;100000.0;477000.0
2025-02-11 00:00:00.000;TCZP3218;IT0023177;TASK5917017;Problem z czujnikiem;n/d;Czujnik zosta∏ ustawiony, drukarka zosta∏a skalibrowana, tear off zosta∏ przestawiony ;884.0;IT0023177;TCZP3218;hellerman 600dpi;H518CV200900087;b4;ua/pu test;0.0;0.0;0.0;Pó∏roczny;100000.0;630.0
2025-02-12 00:00:00.000;TCZP1185;IT0027931;tczp1185;Czyszczenie;;;911.0;IT0027931;TCZP1185;ttbp6;H520500022;b3;sprue;5445.0;0.0;5445.0;Pó∏roczny;100000.0;420297.0
2025-02-12 00:00:00.000;TCZP1194;IT0024850;INC22389192;Problem sieciowy;n/d;Karta sieciowa zosta∏a przestawiona na dhcp, dodatkowo potrzebna by∏a kalibracja wydruku;886.0;IT0024850;TCZP1194;hellermann,600dpi;H520300012;b4;cba#200_1;5822.0;0.0;5822.0;Pó∏roczny;100000.0;24834.0
2025-02-14 00:00:00.000;TCZP1062;IT0021112;INC22358441;Czyszczenie;-;Wyczyszczenie walka Zmiana si∏y i pozycji docisków. ;764.0;IT0021112;TCZP1062;ttbp3 (bp1300i);H4194V200900024;b2;miernik 1;46860.0;0.0;46860.0;Pó∏roczny;100000.0;106229.0
2025-02-14 00:00:00.000;TCZP3247;IT0024353;INC22283580;Kalibracja;-;Reset default, kalibracja, zmiana offcetów;729.0;IT0024353;TCZP3247;hellermann,300dpi;H420C00017;b4;pakowianie;135.0;0.0;135.0;Pó∏roczny;100000.0;1154.0
2025-02-17 00:00:00.000;TCZP1147;IT0002447;INC22457335;Kalibracja;-;Zmiana pozycji i si∏y docisków, zmiana darkness;25.0;IT0002447;TCZP1147;110xi4 600dpi;14J105100109;b4;mmi tl;3035.0;0.0;3035.0;Pó∏roczny;100000.0;132147.0
2025-02-20 00:00:00.000;TCZP4088;IT0038156;INC22500619;Kalibracja;brak;Kalibracja i czyszczenie g∏owicy.;1021.0;IT0038156;TCZP4088;cl-s631ii 300 dpi;JM632410009;b2;e/// air linia 1;70.0;0.0;70.0;Pó∏roczny;100000.0;10991.0
2025-02-26 00:00:00.000;TCZP3150;IT0025879;INC22574285;Kalibracja;N/D;poprawienie mediow, kalibracja drukarki;890.0;IT0025879;TCZP3150;hellermann,600dpi;H421400125;b4;tl;18827.0;0.0;18827.0;Pó∏roczny;100000.0;269198.0
2025-02-27 00:00:00.000;TCZP1194;IT0024850;INC22586048;Kalibracja;;;886.0;IT0024850;TCZP1194;hellermann,600dpi;H520300012;b4;cba#200_1;5822.0;0.0;5822.0;Pó∏roczny;100000.0;24834.0
2025-02-28 00:00:00.000;TCZP1218;IT0011935;INC22586078;Kalibracja;n/d;Wyglàda jakby drukarka si´ zresetowa∏a do domyÊlnych, b∏àd operatora?;367.0;IT0011935;TCZP1218;zebra,110xi4600dpi;14j114300092;b2;stanowisko 1b;9394.0;0.0;9394.0;Pó∏roczny;100000.0;1932674.0
2025-03-03 00:00:00.000;TCZP4088;IT0038156;INC22621648;Kalibracja;;;1021.0;IT0038156;TCZP4088;cl-s631ii 300 dpi;JM632410009;b2;e/// air linia 1;70.0;0.0;70.0;Pó∏roczny;100000.0;10991.0
2025-03-03 00:00:00.000;TCZP4091;IT0038162;INC22621662;Kalibracja;;;1027.0;IT0038162;TCZP4091;cl-s631ii 300 dpi;JM632410020;b2;engineering modu∏y;65.0;0.0;65.0;Pó∏roczny;100000.0;13827.0
2025-03-05 00:00:00.000;TCZP4056;IT0023176;INC22654022;Kalibracja;-;Reset default ustawieƒ, kalibracja, zmiana offsetów, zmiana darkness;814.0;IT0023176;TCZP4056;bp 1600i;H518CV200900082;b4;huddly;3074.0;0.0;3074.0;Pó∏roczny;100000.0;15839.0
2025-03-06 00:00:00.000;TCZP3227;IT0023153;INC22660944;Kalibracja;N/D;problem z mediami i czytelnoscia nadruku ;811.0;IT0023153;TCZP3227;hellermann,300dpi;H4175V200600020;b2;weryfikacja koncówek;259.0;0.0;259.0;Pó∏roczny;100000.0;652934.0
2025-03-06 00:00:00.000;TCZP3213;IT0023000;INC22661112;Kalibracja;N/D;problem z siecia;806.0;IT0023000;TCZP3213;hellermann,300dpi;H416AV200600045;b2;dzielenie 6;3026.0;0.0;3026.0;Pó∏roczny;100000.0;415392.0
2025-03-10 00:00:00.000;TCZP1019;IT0023724;INC22663154;Problem z czujnikiem;-;Zmiana pozycji czujnika, kalibracja, wyczyszczenie wa∏ka i g∏owicy, zmiana offsetów;819.0;IT0023724;TCZP1019;hellermann,600dpi;H5196V200900007;b4;tl;1846.0;0.0;1846.0;Pó∏roczny;100000.0;205029.0
2025-03-10 00:00:00.000;TCZP1221;IT0014948;TCZP1221;Kalibracja;-;zmiana konwersji dpi, zmiana offsetów, zmiana tear off;516.0;IT0014948;TCZP1221;110xi4 300dpi;14j164501174;b2;stanowisko1a;49550.0;0.0;49550.0;Pó∏roczny;100000.0;597166.0
2025-03-11 00:00:00.000;TCZP1082;IT0012260;INC22722959;Problem sieciowy;n/d;Drukarka traci∏a po∏àczenie przy ruszaniu, zarobienie koƒcówki.;416.0;IT0012260;TCZP1082;110xi4-600dpi;14J132600393;b2;sprue pakowanie 3;39851.0;0.0;39851.0;Pó∏roczny;100000.0;1181058.0
2025-03-11 00:00:00.000;TCZP3160;IT0018550;INC22725467;Problem sieciowy;brak;;826.0;IT0018550;TCZP3160;cl-s631 300 dpi;JMGB018368;b2;kitting 4;30117.0;0.0;30117.0;Pó∏roczny;100000.0;276824.0
2025-03-11 00:00:00.000;TCZP1024;IT0002289;INC22726287;Wymiana glowicy;181193;;82.0;IT0002289;TCZP1024;zebra,110xi4300dpi;14J104300010;b2;kitting 5;1234.0;0.0;1234.0;Pó∏roczny;100000.0;3059863.0
2025-03-14 00:00:00.000;TCZP4094;IT0038159;INC22758436;.Nie jestem w stanie wybraç odpowiedniej kategorii;-;Wymiana kabla zasilajacego ;1024.0;IT0038159;TCZP4094;cl-s631ii 300 dpi;JM632410016;b2;podmontaz filtra;54.0;0.0;54.0;Pó∏roczny;100000.0;212.0
2025-03-14 00:00:00.000;TCZP1244;IT0013894;INC22764987;Wymiana glowicy;181372;FLX-PRI-PTR-N00038  ;468.0;IT0013894;TCZP1244;zebra,110xi4300dpi;14J161400253;b2;e// oslo pakowanie;22145.0;0.0;22145.0;Pó∏roczny;100000.0;117519.0
2025-03-14 00:00:00.000;TCZP1182;IT0023337;INC22765511;Kalibracja;;;844.0;IT0023337;TCZP1182;hellermann,300dpi;H420900006;b4;pakowanie;3427.0;0.0;3427.0;Pó∏roczny;100000.0;13749.0
2025-03-17 00:00:00.000;TCZP2003;IT0000840;TASK5961118;Wymiana glowicy;181404;przepalona g∏owica, wymieniona na nowà;195.0;IT0000840;TCZP2003;xi4 300 dpi;14J132001174;b3;Dystrybucja;0.0;0.0;0.0;Pó∏roczny;100000.0;121536.0
2025-03-22 00:00:00.000;TCZP1235;IT0003786;INC22851024;Wymiana mediow;n/d;Nowy typ naklejek nie pasowa∏ do za∏o˝onej kalki;326.0;IT0003786;TCZP1235;zebra,110xi3plus600dpi;91C05490186;b2;pakowaniepam;4084.0;0.0;4084.0;Pó∏roczny;100000.0;904215.0
2025-03-28 00:00:00.000;TCZP1150;IT0023175;INC22917123;Wymiana walka;182883;wymiana wa∏ka i kalibracja;813.0;IT0023175;TCZP1150;hellermann,600dpi;h518cv200900088;b2;dystrybucja st.2;66799.0;0.0;66799.0;Pó∏roczny;100000.0;124704.0
2025-04-01 00:00:00.000;TCZP1224;IT0024938;INC22966556;Uszkodzenie mechaniczne;n/d;Brakowa∏o plastikowej prowadnicy taÊmy, podkrad∏em z jednej z uszkodzonych wybrakowanych drukarek;850.0;IT0024938;TCZP1224;bp1600i;H520200044;b2;laminaty;1401.0;0.0;1401.0;Pó∏roczny;100000.0;58302.0
2025-04-01 00:00:00.000;TCZP1224;IT0024938;INC22979551;.Nie jestem w stanie wybraç odpowiedniej kategorii;-;Restart, kalibracja, zmiana offsetów, ;850.0;IT0024938;TCZP1224;bp1600i;H520200044;b2;laminaty;1401.0;0.0;1401.0;Pó∏roczny;100000.0;58302.0
2025-04-02 00:00:00.000;TCZP3252;IT0038546;INC22996232;Czyszczenie;n/d;Czyszczenie i kalibracja;1031.0;IT0038546;TCZP3252;ttbp3;H422500009;b1;small;465.0;0.0;465.0;Pó∏roczny;100000.0;1784.0
2025-04-03 00:00:00.000;TCZP1100;IT0020364;INC22789975;.Nie jestem w stanie wybraç odpowiedniej kategorii;n/d;wymiana p∏yty g∏ównej;737.0;IT0020364;TCZP1100;hellermann600dpi;H5178V200700015;b1;sealed air;223.0;0.0;223.0;Pó∏roczny;100000.0;10021.0
2025-04-05 00:00:00.000;TCZP1150;IT0023175;INC23021139;Kalibracja;n/d;Zmiana softu, dostrojenie wydruku, ˝eby nie ucina∏a dolnych napisów;813.0;IT0023175;TCZP1150;hellermann,600dpi;h518cv200900088;b2;dystrybucja st.2;66799.0;0.0;66799.0;Pó∏roczny;100000.0;124704.0
2025-04-05 00:00:00.000;TCZP2019;IT0009187;INC23025387;Uszkodzenie mechaniczne;n/d;Skr´cenie drukarki, mi´dzy innymi wypad∏ wa∏ek z prowadnic, docis kalki wymaga∏ prostowania, plus wykonanie kalibracji. Drukarka nie posiada ogranicznika do naklejek;345.0;IT0009187;TCZP2019;zebra,110xi4300dpi;14J150600843;b2;kitting 6;0.0;0.0;0.0;Pó∏roczny;100000.0;145870.0
2025-04-05 00:00:00.000;TCZP4095;IT0038585;INC23025065;Uszkodzenie mechaniczne;n/d;Ca∏y mechanizm zosta∏ zablokowany, wymaga∏o to rozkr´cenia drukarki i przeglàdu ca∏ego uk∏adu nap´dowego. Awaria zosta∏a usuni´ta;1029.0;IT0038585;TCZP4095;ttbp3;H422500005;b1;tyee;625.0;0.0;625.0;Pó∏roczny;100000.0;708.0
2025-04-05 00:00:00.000;TCZP1092;IT0002491;INC23017865;Wymiana walka;183124;Wymiana wa∏ka, wyeksploatowany, pop´kany.;77.0;IT0002491;TCZP1092;zebra,110xi4600dpi;14J111000542;b2;zelowanie;5120.0;0.0;5120.0;Kwartalny;100000.0;160435.0
2025-04-08 00:00:00.000;TCZP3252;IT0038546;INC23066161;Wymiana walka;184209;Wymiana g∏owicy. Czyszczenie. Kalibracja;1031.0;IT0038546;TCZP3252;ttbp3;H422500009;b1;small;465.0;0.0;465.0;Pó∏roczny;100000.0;1784.0
